Actual,Predicted,Error
425,420.225,4.774999999999977
88,88.235,-0.23499999999999943
4,11.17,-7.17
526,554.495,-28.495000000000005
13,17.43,-4.43
32,39.095,-7.094999999999999
706,659.45,46.549999999999955
26,40.465,-14.465000000000003
2,10.88,-8.88
21,18.685,2.3150000000000013
34,26.91,7.09
89,113.15,-24.150000000000006
542,549.14,-7.139999999999986
9,11.365,-2.365
325,337.625,-12.625
336,281.105,54.89499999999998
188,167.64,20.360000000000014
479,461.525,17.475000000000023
16,19.31,-3.3099999999999987
852,810.0,42.0
8,13.4,-5.4
161,149.705,11.294999999999987
37,43.25,-6.25
84,116.41,-32.41
124,128.115,-4.115000000000009
144,133.135,10.865000000000009
23,24.35,-1.3500000000000014
188,185.07,2.930000000000007
6,13.255,-7.255000000000001
82,82.815,-0.8149999999999977
3,7.84,-4.84
29,28.695,0.3049999999999997
374,362.745,11.254999999999995
76,71.595,4.405000000000001
76,66.795,9.204999999999998
868,779.635,88.36500000000001
8,17.91,-9.91
122,151.32,-29.319999999999993
109,125.305,-16.305000000000007
315,316.94,-1.9399999999999977
614,610.87,3.1299999999999955
142,154.12,-12.120000000000005
201,197.705,3.2949999999999875
3,5.6,-2.5999999999999996
649,629.25,19.75
243,253.34,-10.340000000000003
158,163.035,-5.034999999999997
195,184.57,10.430000000000007
30,38.83,-8.829999999999998
118,112.065,5.935000000000002
310,300.765,9.235000000000014
529,496.645,32.35500000000002
598,614.295,-16.29499999999996
181,166.365,14.634999999999991
257,260.665,-3.6650000000000205
162,164.27,-2.2700000000000102
86,135.25,-49.25
75,89.9,-14.900000000000006
137,128.085,8.914999999999992
236,234.95,1.0500000000000114
79,89.035,-10.034999999999997
156,150.18,5.819999999999993
198,221.43,-23.430000000000007
175,196.305,-21.305000000000007
438,410.09,27.910000000000025
217,230.14,-13.139999999999986
27,28.88,-1.879999999999999
105,109.725,-4.724999999999994
186,184.8,1.1999999999999886
356,320.335,35.66500000000002
177,191.745,-14.745000000000005
119,131.975,-12.974999999999994
49,58.27,-9.270000000000003
224,219.7,4.300000000000011
162,158.03,3.969999999999999
320,307.01,12.990000000000009
122,135.64,-13.639999999999986
153,165.97,-12.969999999999999
271,288.375,-17.375
110,140.21,-30.210000000000008
374,388.36,-14.360000000000014
20,27.58,-7.579999999999998
22,17.215,4.785
109,129.27,-20.27000000000001
259,240.15,18.849999999999994
472,425.52,46.48000000000002
176,196.57,-20.569999999999993
105,129.945,-24.944999999999993
412,403.02,8.980000000000018
440,427.54,12.45999999999998
169,178.27,-9.27000000000001
4,10.595,-6.595000000000001
104,105.775,-1.7750000000000057
290,290.38,-0.37999999999999545
84,86.695,-2.694999999999993
76,108.45,-32.45
177,174.765,2.2350000000000136
186,206.875,-20.875
4,12.805,-8.805
143,139.735,3.2649999999999864
57,60.595,-3.594999999999999
180,181.305,-1.3050000000000068
615,615.79,-0.7899999999999636
73,81.45,-8.450000000000003
321,313.09,7.910000000000025
15,20.855,-5.855
267,269.215,-2.214999999999975
68,67.335,0.6650000000000063
390,382.175,7.824999999999989
62,76.89,-14.89
145,150.815,-5.814999999999998
40,47.37,-7.369999999999997
42,44.62,-2.6199999999999974
9,13.87,-4.869999999999999
9,10.14,-1.1400000000000006
50,63.405,-13.405000000000001
29,36.315,-7.314999999999998
392,390.69,1.3100000000000023
137,131.8,5.199999999999989
507,509.73,-2.730000000000018
67,65.755,1.2450000000000045
153,196.375,-43.375
126,134.34,-8.340000000000003
65,100.765,-35.765
307,320.585,-13.58499999999998
11,12.77,-1.7699999999999996
286,332.9,-46.89999999999998
865,766.025,98.97500000000002
224,216.315,7.685000000000002
174,188.895,-14.89500000000001
51,44.61,6.390000000000001
106,98.76,7.239999999999995
172,170.125,1.875
397,386.375,10.625
559,561.145,-2.144999999999982
124,141.02,-17.02000000000001
3,14.29,-11.29
8,17.345,-9.344999999999999
49,55.16,-6.159999999999997
77,74.42,2.5799999999999983
9,11.96,-2.960000000000001
432,450.32,-18.319999999999993
57,67.455,-10.454999999999998
302,298.205,3.795000000000016
153,164.725,-11.724999999999994
80,82.095,-2.094999999999999
306,294.87,11.129999999999995
13,12.94,0.0600000000000005
182,172.705,9.294999999999987
66,65.185,0.8149999999999977
172,163.01,8.990000000000009
333,336.015,-3.0149999999999864
102,107.265,-5.265000000000001
75,89.08,-14.079999999999998
3,7.865,-4.865
393,385.055,7.944999999999993
392,382.115,9.884999999999991
635,614.805,20.19500000000005
238,245.285,-7.284999999999997
303,315.665,-12.66500000000002
122,113.26,8.739999999999995
294,342.235,-48.235000000000014
408,406.78,1.2200000000000273
26,26.81,-0.8099999999999987
148,158.945,-10.944999999999993
145,145.09,-0.09000000000000341
16,14.02,1.9800000000000004
260,259.635,0.3650000000000091
131,114.93,16.069999999999993
83,83.14166666666668,-0.14166666666667993
89,91.8725,-2.8725000000000023
22,31.39,-9.39
468,448.71,19.29000000000002
460,461.895,-1.8949999999999818
477,438.64,38.360000000000014
17,13.85,3.1500000000000004
250,230.17,19.830000000000013
237,230.93,6.069999999999993
239,244.15,-5.150000000000006
169,163.03,5.969999999999999
416,396.405,19.595000000000027
449,406.625,42.375
105,116.295,-11.295000000000002
187,187.04,-0.03999999999999204
55,61.895,-6.895000000000003
72,72.395,-0.394999999999996
14,18.935,-4.934999999999999
51,58.695,-7.695
15,15.74,-0.7400000000000002
2,7.015,-5.015
26,43.765,-17.765
187,214.47,-27.47
315,323.135,-8.134999999999991
3,14.535,-11.535
308,324.665,-16.66500000000002
199,155.005,43.995000000000005
144,136.47,7.530000000000001
2,14.37,-12.37
32,51.785,-19.784999999999997
282,248.255,33.745000000000005
98,150.77,-52.77000000000001
450,469.5025,-19.502499999999998
361,397.96,-36.95999999999998
532,492.75,39.25
100,99.15,0.8499999999999943
256,237.415,18.585000000000008
4,5.06,-1.0599999999999996
156,149.485,6.514999999999986
171,172.145,-1.1450000000000102
328,426.555,-98.555
388,373.115,14.884999999999991
189,188.585,0.41499999999999204
45,71.195,-26.194999999999993
109,110.675,-1.6749999999999972
52,44.555,7.445
8,8.565,-0.5649999999999995
411,383.405,27.595000000000027
757,692.31,64.69000000000005
105,112.45,-7.450000000000003
86,72.7,13.299999999999997
393,368.13,24.870000000000005
16,18.24,-2.2399999999999984
11,17.28,-6.280000000000001
4,15.705,-11.705
270,255.08,14.919999999999987
175,170.625,4.375
2,6.315,-4.315
197,180.595,16.405
41,43.12,-2.1199999999999974
36,76.675,-40.675
13,15.255,-2.255000000000001
120,110.73,9.269999999999996
103,107.75,-4.75
22,19.225,2.7749999999999986
154,156.07,-2.069999999999993
18,30.85,-12.850000000000001
3,16.14,-13.14
39,49.075,-10.075000000000003
142,151.6775,-9.677500000000009
99,93.32,5.680000000000007
118,123.135,-5.135000000000005
8,13.235,-5.234999999999999
159,160.72,-1.7199999999999989
31,24.01,6.989999999999998
6,8.715,-2.715
10,15.585,-5.585000000000001
222,245.02,-23.02000000000001
164,152.17,11.830000000000013
7,10.895,-3.8949999999999996
29,26.915,2.085000000000001
132,139.105,-7.10499999999999
366,376.36,-10.360000000000014
8,25.67,-17.67
33,27.975,5.024999999999999
99,82.14,16.86
90,88.565,1.4350000000000023
36,40.68,-4.68
20,36.395,-16.395000000000003
61,63.65,-2.6499999999999986
242,278.5,-36.5
184,184.235,-0.23500000000001364
418,411.795,6.204999999999984
313,335.865,-22.86500000000001
271,274.135,-3.134999999999991
35,29.76,5.239999999999998
362,387.905,-25.904999999999973
53,53.34,-0.3400000000000034
125,133.1025,-8.102499999999992
229,224.17,4.8300000000000125
107,110.88,-3.8799999999999955
182,162.685,19.314999999999998
71,70.39,0.6099999999999994
131,155.51,-24.50999999999999
61,54.425,6.575000000000003
253,250.015,2.9850000000000136
21,21.1,-0.10000000000000142
20,17.78,2.219999999999999
254,258.505,-4.5049999999999955
27,25.57,1.4299999999999997
3,5.62,-2.62
178,156.75,21.25
142,141.67,0.3300000000000125
83,75.42,7.579999999999998
380,355.61,24.389999999999986
572,533.17,38.83000000000004
144,144.305,-0.3050000000000068
270,293.0,-23.0
520,497.375,22.625
549,560.535,-11.534999999999968
70,66.86,3.1400000000000006
97,81.64,15.36
227,223.105,3.8950000000000102
123,112.835,10.165000000000006
314,305.775,8.225000000000023
90,99.025,-9.025000000000006
28,29.355,-1.3550000000000004
156,179.555,-23.555000000000007
106,110.415,-4.415000000000006
158,163.57,-5.569999999999993
275,280.855,-5.855000000000018
5,9.06,-4.0600000000000005
222,211.03,10.969999999999999
240,239.1,0.9000000000000057
1,8.62,-7.619999999999999
39,32.435,6.564999999999998
5,13.86,-8.86
148,146.34,1.6599999999999966
26,45.855,-19.854999999999997
38,53.415,-15.415
165,163.04,1.960000000000008
2,12.565,-10.565
446,442.74,3.259999999999991
2,12.295,-10.295
39,44.35,-5.350000000000001
88,121.15,-33.150000000000006
87,85.195,1.8050000000000068
537,461.515,75.48500000000001
149,148.695,0.3050000000000068
5,11.185,-6.1850000000000005
55,71.69666666666667,-16.696666666666673
91,88.71,2.2900000000000063
146,149.68,-3.680000000000007
54,57.2,-3.200000000000003
151,168.365,-17.36500000000001
176,177.805,-1.8050000000000068
2,10.48,-8.48
282,284.415,-2.4150000000000205
48,42.69,5.310000000000002
218,212.74,5.259999999999991
145,157.055,-12.055000000000007
148,135.75,12.25
99,112.86,-13.86
1,12.795,-11.795
177,169.63,7.3700000000000045
3,7.995,-4.995
112,133.595,-21.595
46,49.51,-3.509999999999998
21,21.49,-0.48999999999999844
44,41.755,2.2449999999999974
233,229.975,3.0250000000000057
3,4.77,-1.7699999999999996
151,162.81,-11.810000000000002
77,90.12,-13.120000000000005
594,612.68,-18.67999999999995
10,18.63,-8.629999999999999
152,149.115,2.884999999999991
11,13.585,-2.585000000000001
33,29.1,3.8999999999999986
349,356.62,-7.6200000000000045
583,586.765,-3.7649999999999864
65,85.22,-20.22
448,463.245,-15.245000000000005
9,15.46,-6.460000000000001
558,542.815,15.184999999999945
11,21.995,-10.995000000000001
365,369.685,-4.685000000000002
327,367.085,-40.08499999999998
285,304.82,-19.819999999999993
528,506.775,21.225000000000023
307,303.625,3.375
45,46.925,-1.9249999999999972
431,384.105,46.89499999999998
370,404.08,-34.079999999999984
461,428.035,32.964999999999975
152,153.765,-1.7649999999999864
131,129.23,1.7700000000000102
380,358.665,21.33499999999998
591,611.18,-20.17999999999995
164,189.15,-25.150000000000006
346,328.13,17.870000000000005
186,184.8,1.1999999999999886
209,235.105,-26.10499999999999
59,66.19,-7.189999999999998
245,254.65,-9.650000000000006
375,434.645,-59.64499999999998
200,206.475,-6.474999999999994
23,36.695,-13.695
203,194.00666666666663,8.993333333333368
363,320.595,42.40499999999997
124,120.335,3.6650000000000063
5,12.86,-7.859999999999999
275,253.58,21.419999999999987
24,22.945,1.0549999999999997
749,746.045,2.955000000000041
20,19.37,0.629999999999999
361,369.545,-8.545000000000016
421,393.265,27.735000000000014
666,594.52,71.48000000000002
201,214.675,-13.675000000000011
18,20.47,-2.469999999999999
207,194.94,12.060000000000002
18,32.8,-14.799999999999997
30,32.09,-2.0900000000000034
35,57.82,-22.82
206,200.64,5.360000000000014
386,386.455,-0.4549999999999841
54,70.895,-16.894999999999996
159,163.135,-4.134999999999991
98,106.5,-8.5
345,319.93,25.069999999999993
591,551.16,39.84000000000003
306,313.98,-7.980000000000018
115,132.865,-17.86500000000001
68,67.56,0.4399999999999977
17,19.265,-2.2650000000000006
66,79.22,-13.219999999999999
31,25.46,5.539999999999999
119,109.72,9.280000000000001
198,180.18,17.819999999999993
7,12.36,-5.359999999999999
607,594.84,12.159999999999968
387,380.35,6.649999999999977
166,176.23,-10.22999999999999
236,224.95,11.050000000000011
108,130.725,-22.724999999999994
281,300.015,-19.014999999999986
70,72.265,-2.2650000000000006
25,18.145,6.855
23,24.945,-1.9450000000000003
216,217.91,-1.9099999999999966
17,18.45,-1.4499999999999993
152,144.585,7.414999999999992
167,165.655,1.3449999999999989
306,304.795,1.204999999999984
795,771.005,23.995000000000005
373,380.51,-7.509999999999991
368,399.995,-31.995000000000005
297,274.375,22.625
530,477.325,52.67500000000001
22,19.22,2.780000000000001
174,163.39,10.610000000000014
27,26.155,0.8449999999999989
236,240.255,-4.2549999999999955
454,429.12,24.879999999999995
354,361.33,-7.329999999999984
254,260.98,-6.980000000000018
151,155.9,-4.900000000000006
338,337.235,0.7649999999999864
120,129.925,-9.925000000000011
276,281.11,-5.110000000000014
398,395.135,2.865000000000009
4,6.96,-2.96
24,25.38,-1.379999999999999
159,163.735,-4.735000000000014
42,45.895,-3.895000000000003
106,119.85,-13.849999999999994
261,256.675,4.324999999999989
177,191.21,-14.210000000000008
511,503.765,7.235000000000014
250,247.795,2.2050000000000125
118,109.5,8.5
8,12.995,-4.994999999999999
360,340.105,19.894999999999982
601,559.265,41.735000000000014
5,9.265,-4.265000000000001
37,33.115,3.884999999999998
5,7.91,-2.91
214,209.435,4.564999999999998
36,38.78,-2.780000000000001
152,152.46,-0.46000000000000796
59,58.02,0.9799999999999969
108,108.455,-0.4549999999999983
348,329.755,18.245000000000005
233,250.83,-17.830000000000013
296,295.44,0.5600000000000023
221,220.01,0.9900000000000091
345,372.855,-27.855000000000018
225,241.035,-16.034999999999997
8,10.59,-2.59
52,53.595,-1.5949999999999989
108,112.32,-4.319999999999993
106,112.615,-6.614999999999995
78,87.57,-9.569999999999993
13,13.33,-0.33000000000000007
9,13.705,-4.705
62,92.75,-30.75
857,814.035,42.96500000000003
14,18.645,-4.645
33,29.55,3.4499999999999993
451,425.285,25.714999999999975
30,26.385,3.6149999999999984
410,380.7875,29.212499999999977
36,38.945,-2.9450000000000003
13,11.235,1.7650000000000006
310,304.275,5.725000000000023
270,271.71,-1.7099999999999795
27,27.59,-0.5899999999999999
8,10.885,-2.885
245,237.66,7.340000000000003
140,145.96,-5.960000000000008
239,240.43,-1.4300000000000068
459,455.145,3.855000000000018
15,16.7,-1.6999999999999993
210,218.075,-8.074999999999989
42,61.98,-19.979999999999997
112,103.545,8.454999999999998
7,8.875,-1.875
1,14.965,-13.965
180,193.71,-13.710000000000008
310,323.52,-13.519999999999982
188,183.095,4.905000000000001
5,11.01,-6.01
226,192.665,33.33500000000001
128,135.995,-7.9950000000000045
634,617.95,16.049999999999955
207,195.69,11.310000000000002
365,370.95,-5.949999999999989
90,92.61,-2.6099999999999994
91,103.65,-12.650000000000006
127,147.225,-20.224999999999994
575,553.81,21.190000000000055
584,545.085,38.914999999999964
118,132.065,-14.064999999999998
123,140.995,-17.995000000000005
317,303.995,13.004999999999995
212,232.56,-20.560000000000002
178,212.61,-34.610000000000014
153,151.855,1.1450000000000102
464,454.575,9.425000000000011
146,148.385,-2.384999999999991
230,220.175,9.824999999999989
113,120.11,-7.109999999999999
34,35.485,-1.4849999999999994
662,629.29,32.710000000000036
64,58.09,5.909999999999997
67,71.025,-4.025000000000006
710,609.85,100.14999999999998
105,113.98,-8.980000000000004
358,343.135,14.865000000000009
271,270.28,0.7200000000000273
26,39.4,-13.399999999999999
14,20.36,-6.359999999999999
287,299.185,-12.185000000000002
122,114.0,8.0
13,20.575,-7.574999999999999
228,263.935,-35.935
330,314.05,15.949999999999989
37,45.85,-8.850000000000001
348,360.63,-12.629999999999995
5,7.375,-2.375
154,161.46,-7.460000000000008
7,14.755,-7.755000000000001
125,111.82,13.180000000000007
732,708.26,23.74000000000001
71,75.12,-4.1200000000000045
263,262.19,0.8100000000000023
524,518.335,5.664999999999964
123,124.13,-1.1299999999999955
292,265.26,26.74000000000001
6,14.205,-8.205
6,22.02,-16.02
374,370.96,3.0400000000000205
48,47.49,0.509999999999998
120,123.755,-3.7549999999999955
5,10.145,-5.145
76,62.575,13.424999999999997
122,110.165,11.834999999999994
64,55.665,8.335
71,82.82,-11.819999999999993
30,54.175,-24.174999999999997
239,243.30833333333337,-4.3083333333333655
99,100.39,-1.3900000000000006
31,42.285,-11.284999999999997
316,332.21,-16.20999999999998
7,11.995,-4.994999999999999
419,415.76,3.240000000000009
528,499.0,29.0
140,141.435,-1.4350000000000023
6,13.645,-7.645
442,423.555,18.444999999999993
285,290.91,-5.910000000000025
5,8.06,-3.0600000000000005
135,142.735,-7.735000000000014
1,4.89,-3.8899999999999997
55,53.69,1.3100000000000023
16,12.165,3.835000000000001
156,160.93,-4.930000000000007
729,649.395,79.60500000000002
189,178.91,10.090000000000003
334,309.12,24.879999999999995
5,6.505,-1.505
232,224.165,7.835000000000008
16,12.56,3.4399999999999995
192,194.335,-2.335000000000008
295,339.57,-44.56999999999999
10,13.1,-3.0999999999999996
45,47.655,-2.655000000000001
55,66.385,-11.385000000000005
33,36.64,-3.6400000000000006
129,119.72,9.280000000000001
230,256.5,-26.5
230,206.66,23.340000000000003
18,33.565,-15.564999999999998
289,297.765,-8.764999999999986
1,4.61,-3.6100000000000003
192,159.48,32.52000000000001
522,512.365,9.634999999999991
144,149.565,-5.564999999999998
452,409.805,42.19499999999999
81,103.0,-22.0
349,320.58,28.420000000000016
95,106.61,-11.61
26,49.735,-23.735
37,52.795,-15.795000000000002
37,52.605,-15.604999999999997
274,277.175,-3.1750000000000114
10,12.96,-2.960000000000001
172,177.485,-5.485000000000014
31,53.935,-22.935000000000002
77,81.76,-4.760000000000005
466,445.64,20.360000000000014
123,154.92,-31.919999999999987
4,6.185,-2.1849999999999996
3,10.965,-7.965
6,15.605,-9.605
108,108.345,-0.34499999999999886
199,194.09,4.909999999999997
74,88.915,-14.915000000000006
120,118.8,1.2000000000000028
230,238.05,-8.050000000000011
335,335.865,-0.8650000000000091
5,9.815,-4.8149999999999995
152,169.485,-17.485000000000014
96,93.17,2.8299999999999983
557,531.835,25.164999999999964
106,111.24,-5.239999999999995
125,139.52,-14.52000000000001
273,256.47,16.529999999999973
72,69.775,2.2249999999999943
237,231.935,5.064999999999998
327,316.41,10.589999999999975
706,674.0675,31.932500000000005
154,167.115,-13.115000000000009
326,346.08,-20.079999999999984
489,489.085,-0.08499999999997954
212,210.185,1.8149999999999977
534,540.095,-6.095000000000027
141,203.205,-62.20500000000001
54,51.565,2.4350000000000023
177,179.805,-2.805000000000007
236,237.75,-1.75
23,42.945,-19.945
334,393.77,-59.76999999999998
12,14.65,-2.6500000000000004
487,468.03,18.970000000000027
285,294.425,-9.425000000000011
296,313.46,-17.45999999999998
318,324.75,-6.75
54,55.685,-1.6850000000000023
288,277.12,10.879999999999995
416,406.84,9.160000000000025
139,141.88,-2.8799999999999955
8,13.53,-5.529999999999999
24,51.51,-27.509999999999998
46,49.555,-3.5549999999999997
205,229.175,-24.17500000000001
216,219.545,-3.5449999999999875
481,443.4,37.60000000000002
14,15.815,-1.8149999999999995
343,318.025,24.975000000000023
171,193.015,-22.014999999999986
184,197.99,-13.990000000000009
217,223.7,-6.699999999999989
298,291.69,6.310000000000002
282,289.48,-7.480000000000018
218,210.89,7.110000000000014
302,300.405,1.5950000000000273
138,175.835,-37.83500000000001
8,10.49,-2.49
298,278.605,19.394999999999982
182,182.82,-0.8199999999999932
291,316.205,-25.204999999999984
76,92.34,-16.340000000000003
315,277.85,37.14999999999998
58,66.995,-8.995000000000005
428,437.77,-9.769999999999982
267,290.58,-23.579999999999984
354,378.955,-24.954999999999984
291,298.125,-7.125
168,172.995,-4.9950000000000045
304,325.325,-21.32499999999999
224,220.8,3.1999999999999886
142,164.32,-22.319999999999993
49,53.64,-4.640000000000001
593,573.245,19.754999999999995
448,430.565,17.435000000000002
246,266.695,-20.694999999999993
170,196.59,-26.590000000000003
222,210.76,11.240000000000009
26,23.17,2.8299999999999983
286,288.965,-2.964999999999975
834,789.65,44.35000000000002
271,305.445,-34.44499999999999
7,18.22,-11.219999999999999
113,115.46,-2.4599999999999937
519,462.105,56.89499999999998
218,206.85,11.150000000000006
5,7.855,-2.8550000000000004
20,21.605,-1.6050000000000004
293,348.96,-55.95999999999998
31,30.375,0.625
136,147.555,-11.555000000000007
3,5.4,-2.4000000000000004
187,159.295,27.705000000000013
134,111.32,22.680000000000007
2,15.405,-13.405
195,167.83,27.169999999999987
41,54.21,-13.21
218,224.895,-6.89500000000001
278,293.54,-15.54000000000002
79,71.365,7.635000000000005
114,103.875,10.125
133,118.165,14.834999999999994
123,134.72,-11.719999999999999
25,27.79,-2.789999999999999
292,291.0,1.0
48,66.73,-18.730000000000004
120,114.605,5.394999999999996
25,27.005,-2.004999999999999
148,150.45,-2.4499999999999886
174,206.575,-32.57499999999999
852,832.485,19.514999999999986
3,7.075,-4.075
106,132.745,-26.745000000000005
1,10.425,-9.425
109,95.315,13.685000000000002
45,48.66,-3.6599999999999966
28,28.77,-0.7699999999999996
313,282.11,30.889999999999986
86,92.705,-6.704999999999998
178,162.66,15.340000000000003
514,501.525,12.475000000000023
90,93.085,-3.0849999999999937
291,295.09,-4.089999999999975
267,272.05,-5.050000000000011
24,31.2,-7.199999999999999
35,34.85,0.14999999999999858
431,370.415,60.58499999999998
39,62.84,-23.840000000000003
171,167.655,3.344999999999999
119,130.715,-11.715000000000003
10,12.505,-2.505000000000001
211,208.455,2.5449999999999875
108,117.715,-9.715000000000003
4,13.47,-9.47
86,89.325,-3.325000000000003
310,292.36,17.639999999999986
6,13.475,-7.475
509,477.805,31.194999999999993
149,148.43,0.5699999999999932
612,617.405,-5.404999999999973
265,257.125,7.875
185,168.93,16.069999999999993
5,9.69,-4.6899999999999995
529,484.98,44.01999999999998
151,141.485,9.514999999999986
9,22.285,-13.285
229,249.75,-20.75
265,263.85,1.1499999999999773
551,518.52,32.48000000000002
234,255.82,-21.819999999999993
167,179.93,-12.930000000000007
370,370.335,-0.33499999999997954
38,54.665,-16.665
15,19.745,-4.745000000000001
53,62.185,-9.185000000000002
646,607.06,38.940000000000055
195,195.04,-0.03999999999999204
39,38.845,0.15500000000000114
136,134.505,1.4950000000000045
62,69.51,-7.510000000000005
211,204.11,6.889999999999986
4,10.7,-6.699999999999999
32,38.91,-6.909999999999997
45,65.72,-20.72
7,9.72,-2.7200000000000006
8,8.43,-0.4299999999999997
3,4.735,-1.7350000000000003
104,104.27,-0.269999999999996
20,15.86,4.140000000000001
69,72.18,-3.180000000000007
136,136.87,-0.8700000000000045
134,137.8,-3.8000000000000114
129,112.9,16.099999999999994
34,37.095,-3.094999999999999
50,52.635,-2.634999999999998
6,6.425,-0.4249999999999998
214,228.39,-14.389999999999986
175,183.85,-8.849999999999994
101,107.95,-6.950000000000003
77,72.065,4.935000000000002
2,6.755,-4.755
287,245.765,41.235000000000014
9,12.135,-3.135
4,7.355,-3.3550000000000004
93,94.6,-1.5999999999999943
5,11.565,-6.5649999999999995
892,810.505,81.495
145,148.695,-3.694999999999993
349,364.89,-15.889999999999986
5,8.075,-3.0749999999999993
93,106.62,-13.620000000000005
281,291.56,-10.560000000000002
123,145.455,-22.455000000000013
360,354.77,5.230000000000018
4,9.0,-5.0
540,535.26,4.740000000000009
8,13.015,-5.015000000000001
34,32.66,1.3400000000000034
266,269.77,-3.769999999999982
447,445.74,1.259999999999991
43,52.74,-9.740000000000002
267,253.9,13.099999999999994
185,207.22,-22.22
16,20.53,-4.530000000000001
391,353.41,37.589999999999975
32,49.235,-17.235
102,97.69,4.310000000000002
14,21.01,-7.010000000000002
485,481.08,3.920000000000016
481,455.515,25.485000000000014
13,34.055,-21.055
2,10.05,-8.05
140,138.81,1.1899999999999977
331,337.495,-6.4950000000000045
365,405.365,-40.36500000000001
575,580.81,-5.809999999999945
30,34.825,-4.825000000000003
74,67.89,6.109999999999999
18,23.54,-5.539999999999999
233,238.785,-5.784999999999997
192,215.135,-23.13499999999999
338,333.69,4.310000000000002
83,89.07,-6.069999999999993
496,483.425,12.574999999999989
36,35.985,0.015000000000000568
508,486.685,21.314999999999998
214,207.345,6.655000000000001
209,231.02,-22.02000000000001
362,353.265,8.735000000000014
167,143.995,23.004999999999995
379,372.44,6.560000000000002
219,213.845,5.155000000000001
185,199.195,-14.194999999999993
289,289.81,-0.8100000000000023
239,237.415,1.585000000000008
108,121.86,-13.86
11,20.57,-9.57
4,9.695,-5.695
26,26.2,-0.1999999999999993
35,26.445,8.555
113,115.76,-2.760000000000005
461,468.905,-7.904999999999973
35,36.18,-1.1799999999999997
4,11.28,-7.279999999999999
1,6.315,-5.315
391,390.175,0.8249999999999886
87,90.535,-3.5349999999999966
133,146.665,-13.664999999999992
38,42.56,-4.560000000000002
44,34.4,9.600000000000001
24,24.885,-0.8850000000000016
233,237.75,-4.75
276,257.155,18.845000000000027
58,75.865,-17.864999999999995
127,133.715,-6.715000000000003
4,16.175,-12.175
18,23.09,-5.09
223,208.885,14.115000000000009
19,24.06,-5.059999999999999
175,174.51,0.4900000000000091
2,3.14,-1.1400000000000001
14,14.43,-0.4299999999999997
41,54.46,-13.46
291,297.44,-6.439999999999998
354,331.7,22.30000000000001
133,128.92,4.0800000000000125
158,176.695,-18.694999999999993
1,6.115,-5.115
193,179.55,13.449999999999989
167,168.38,-1.3799999999999955
559,539.86,19.139999999999986
80,84.715,-4.715000000000003
160,174.35,-14.349999999999994
149,156.82,-7.819999999999993
20,18.505,1.495000000000001
593,567.34,25.659999999999968
206,200.925,5.074999999999989
288,291.15,-3.1499999999999773
365,314.47,50.52999999999997
184,207.505,-23.504999999999995
110,90.905,19.095
3,5.41,-2.41
17,27.255,-10.254999999999999
98,81.825,16.174999999999997
33,32.925,0.07500000000000284
181,169.07,11.930000000000007
179,175.065,3.9350000000000023
97,93.165,3.8349999999999937
302,299.22,2.7799999999999727
31,30.065,0.9349999999999987
31,33.19,-2.1899999999999977
439,426.34,12.660000000000025
32,34.295,-2.2950000000000017
168,168.49,-0.4900000000000091
25,23.495,1.504999999999999
226,220.405,5.594999999999999
421,421.69,-0.6899999999999977
404,402.085,1.9150000000000205
34,35.795,-1.7950000000000017
26,18.505,7.495000000000001
100,103.985,-3.9849999999999994
6,10.15,-4.15
7,16.31,-9.309999999999999
79,121.735,-42.735
228,240.93,-12.930000000000007
54,74.105,-20.105000000000004
18,46.205,-28.205
681,583.875,97.125
346,341.05,4.949999999999989
222,235.005,-13.004999999999995
3,6.49,-3.49
373,395.75,-22.75
268,276.2,-8.199999999999989
7,11.955,-4.955
27,27.02,-0.019999999999999574
124,137.725,-13.724999999999994
237,268.345,-31.345000000000027
56,58.38,-2.3800000000000026
298,293.555,4.444999999999993
54,56.705,-2.7049999999999983
105,126.95,-21.950000000000003
120,123.835,-3.8349999999999937
4,8.09,-4.09
76,95.0,-19.0
3,6.24,-3.24
30,31.395,-1.3949999999999996
6,12.53,-6.529999999999999
47,60.285,-13.284999999999997
39,29.26,9.739999999999998
230,228.4125,1.5875000000000057
168,170.48,-2.4799999999999898
43,54.57,-11.57
315,337.5,-22.5
183,203.095,-20.095
24,46.59,-22.590000000000003
683,642.58,40.41999999999996
253,246.2,6.800000000000011
354,304.98,49.01999999999998
15,11.78,3.2200000000000006
264,287.465,-23.464999999999975
743,709.935,33.065000000000055
210,204.01,5.990000000000009
86,80.815,5.185000000000002
99,89.535,9.465000000000003
97,87.71,9.290000000000006
228,197.835,30.164999999999992
467,415.76,51.24000000000001
212,186.8175,25.182500000000005
102,114.555,-12.555000000000007
113,106.795,6.204999999999998
267,283.04,-16.04000000000002
35,30.28,4.719999999999999
109,123.125,-14.125
75,82.47,-7.469999999999999
404,393.985,10.014999999999986
42,38.7,3.299999999999997
313,330.515,-17.514999999999986
182,180.565,1.4350000000000023
664,604.95,59.049999999999955
29,24.165,4.835000000000001
27,31.27,-4.27
177,187.945,-10.944999999999993
36,31.28,4.719999999999999
138,121.62,16.379999999999995
419,399.7,19.30000000000001
18,27.415,-9.415
134,148.015,-14.014999999999986
324,340.385,-16.38499999999999
156,183.935,-27.935000000000002
7,13.35,-6.35
349,345.205,3.795000000000016
131,117.02,13.980000000000004
448,358.64,89.36000000000001
129,144.145,-15.14500000000001
261,285.08,-24.079999999999984
64,50.14,13.86
3,14.52,-11.52
152,154.755,-2.7549999999999955
394,385.775,8.225000000000023
127,143.86,-16.860000000000014
6,12.67,-6.67
77,92.935,-15.935000000000002
5,5.755,-0.7549999999999999
25,25.51,-0.5100000000000016
149,147.375,1.625
10,12.27,-2.2699999999999996
49,37.65,11.350000000000001
76,65.75,10.25
38,32.09,5.909999999999997
3,8.87,-5.869999999999999
55,68.37,-13.370000000000005
239,267.16,-28.160000000000025
2,6.99,-4.99
6,7.715,-1.7149999999999999
3,9.46,-6.460000000000001
346,398.535,-52.535000000000025
252,263.49,-11.490000000000009
254,280.585,-26.58499999999998
14,21.08,-7.079999999999998
304,330.99,-26.99000000000001
369,375.085,-6.0849999999999795
223,234.62,-11.620000000000005
82,76.69,5.310000000000002
302,290.705,11.295000000000016
7,7.455,-0.45500000000000007
152,164.53,-12.530000000000001
226,236.86,-10.860000000000014
283,285.27,-2.269999999999982
51,62.29,-11.29
296,311.455,-15.454999999999984
157,150.67,6.3300000000000125
80,96.53,-16.53
120,117.845,2.155000000000001
173,174.525,-1.5250000000000057
29,40.655,-11.655000000000001
541,502.13,38.870000000000005
398,391.865,6.134999999999991
3,5.475,-2.4749999999999996
259,261.375,-2.375
28,27.57,0.4299999999999997
15,14.21,0.7899999999999991
4,7.695,-3.6950000000000003
164,177.75,-13.75
294,298.955,-4.954999999999984
89,92.13,-3.1299999999999955
203,199.985,3.0149999999999864
50,42.365,7.634999999999998
16,17.575,-1.5749999999999993
56,69.325,-13.325000000000003
236,240.16,-4.159999999999997
229,233.695,-4.694999999999993
64,65.365,-1.3649999999999949
253,242.39,10.610000000000014
225,249.01,-24.00999999999999
452,476.665,-24.66500000000002
11,12.505,-1.5050000000000008
122,136.815,-14.814999999999998
20,22.67,-2.6700000000000017
182,171.545,10.455000000000013
202,195.715,6.284999999999997
236,231.475,4.525000000000006
536,526.765,9.235000000000014
94,105.125,-11.125
21,28.74,-7.739999999999998
57,56.335,0.6649999999999991
80,90.99,-10.989999999999995
182,175.61,6.389999999999986
42,50.17,-8.170000000000002
783,657.44,125.55999999999995
449,387.265,61.735000000000014
84,88.58,-4.579999999999998
37,29.495,7.504999999999999
188,193.56,-5.560000000000002
502,476.25,25.75
2,13.55,-11.55
140,140.975,-0.9749999999999943
169,170.295,-1.2949999999999875
280,276.56,3.4399999999999977
7,7.2,-0.20000000000000018
263,255.84,7.159999999999997
70,72.39,-2.3900000000000006
99,97.925,1.0750000000000028
192,191.655,0.34499999999999886
151,148.34,2.6599999999999966
250,260.26,-10.259999999999991
538,528.435,9.565000000000055
42,59.155,-17.155
44,56.075,-12.075000000000003
6,15.51,-9.51
10,16.635,-6.635000000000002
60,68.535,-8.534999999999997
61,78.0,-17.0
9,16.74,-7.739999999999998
59,70.08,-11.079999999999998
135,144.685,-9.685000000000002
177,172.805,4.194999999999993
11,14.875,-3.875
6,9.685,-3.6850000000000005
174,169.745,4.2549999999999955
90,88.825,1.1749999999999972
229,241.43,-12.430000000000007
150,172.945,-22.944999999999993
294,291.405,2.5950000000000273
24,22.42,1.5799999999999983
199,168.19,30.810000000000002
146,154.06,-8.060000000000002
86,110.215,-24.215000000000003
5,10.56,-5.5600000000000005
13,15.855,-2.8550000000000004
205,184.705,20.294999999999987
114,136.985,-22.985000000000014
1,8.99,-7.99
159,162.36,-3.3600000000000136
7,12.47,-5.470000000000001
54,49.995,4.005000000000003
27,36.075,-9.075000000000003
234,230.49,3.509999999999991
328,348.58,-20.579999999999984
4,12.92,-8.92
52,80.365,-28.364999999999995
509,501.35,7.649999999999977
9,8.955,0.04499999999999993
318,356.275,-38.27499999999998
194,190.76,3.240000000000009
348,385.655,-37.65499999999997
30,25.48,4.52
680,697.42,-17.41999999999996
12,15.765,-3.7650000000000006
44,44.43,-0.4299999999999997
40,37.28,2.719999999999999
45,45.48,-0.4799999999999969
123,126.35,-3.3499999999999943
40,38.975,1.0249999999999986
112,117.935,-5.935000000000002
160,164.695,-4.694999999999993
286,255.54,30.460000000000008
703,662.77,40.23000000000002
354,343.41,10.589999999999975
5,7.285,-2.285
291,260.945,30.055000000000007
239,287.645,-48.64499999999998
544,538.635,5.365000000000009
289,270.095,18.904999999999973
283,285.52,-2.519999999999982
408,406.225,1.7749999999999773
104,108.455,-4.454999999999998
72,80.26,-8.260000000000005
328,367.03,-39.02999999999997
26,24.955,1.0450000000000017
13,41.6,-28.6
5,12.215,-7.215
157,153.295,3.7050000000000125
198,214.865,-16.86500000000001
121,153.975,-32.974999999999994
8,18.295,-10.295000000000002
160,148.47,11.530000000000001
409,434.715,-25.714999999999975
5,8.79,-3.789999999999999
71,67.16,3.8400000000000034
287,309.68,-22.680000000000007
178,181.525,-3.5250000000000057
30,23.24,6.760000000000002
153,174.89,-21.889999999999986
18,26.57,-8.57
78,119.41,-41.41
287,277.43,9.569999999999993
259,293.665,-34.66500000000002
138,149.715,-11.715000000000003
170,165.355,4.64500000000001
98,88.165,9.834999999999994
225,213.63,11.370000000000005
7,8.76,-1.7599999999999998
425,407.535,17.464999999999975
63,66.11,-3.1099999999999994
256,255.025,0.9749999999999943
45,39.475,5.524999999999999
52,55.295,-3.2950000000000017
75,74.31,0.6899999999999977
264,265.39,-1.3899999999999864
21,22.21,-1.2100000000000009
32,23.765,8.235
304,260.87,43.129999999999995
5,9.05,-4.050000000000001
170,169.435,0.5649999999999977
473,437.57,35.43000000000001
557,551.985,5.014999999999986
35,31.615,3.3850000000000016
790,780.975,9.024999999999977
408,380.38,27.620000000000005
29,30.68,-1.6799999999999997
240,225.1325,14.867500000000007
33,31.89,1.1099999999999994
7,13.405,-6.404999999999999
12,18.355,-6.355
555,580.53,-25.529999999999973
46,69.78,-23.78
204,225.145,-21.14500000000001
53,62.52,-9.520000000000003
288,279.985,8.014999999999986
310,307.38,2.6200000000000045
32,50.765,-18.765
224,197.055,26.944999999999993
50,46.385,3.615000000000002
2,6.89,-4.89
236,247.38,-11.379999999999995
11,17.465,-6.465
209,204.595,4.405000000000001
385,341.98,43.01999999999998
256,288.515,-32.514999999999986
32,41.155,-9.155000000000001
42,48.145,-6.145000000000003
7,9.04,-2.039999999999999
376,376.26,-0.2599999999999909
284,339.795,-55.795000000000016
23,22.56,0.4400000000000013
73,87.38,-14.379999999999995
584,544.295,39.70500000000004
69,85.61,-16.61
92,102.645,-10.644999999999996
2,3.175,-1.1749999999999998
465,469.515,-4.514999999999986
525,525.92,-0.9199999999999591
96,87.36,8.64
492,457.1,34.89999999999998
66,65.165,0.8349999999999937
383,405.235,-22.235000000000014
62,61.05,0.9500000000000028
14,23.59,-9.59
223,242.18,-19.180000000000007
245,239.685,5.314999999999998
365,367.345,-2.3450000000000273
285,280.195,4.805000000000007
219,205.1,13.900000000000006
112,204.345,-92.345
24,28.51,-4.510000000000002
128,134.125,-6.125
205,188.69,16.310000000000002
118,110.545,7.454999999999998
126,132.035,-6.034999999999997
356,345.64,10.360000000000014
84,84.19,-0.18999999999999773
91,88.295,2.7049999999999983
329,295.955,33.045000000000016
47,51.24,-4.240000000000002
69,83.18,-14.180000000000007
157,156.205,0.7949999999999875
181,183.44,-2.4399999999999977
144,148.115,-4.115000000000009
68,76.765,-8.765
266,266.28,-0.2799999999999727
53,81.14,-28.14
65,69.71,-4.709999999999994
183,188.835,-5.835000000000008
21,40.76,-19.759999999999998
461,479.68,-18.680000000000007
797,694.455,102.54499999999996
8,11.575,-3.5749999999999993
712,649.38,62.620000000000005
42,47.285,-5.284999999999997
24,20.115,3.8850000000000016
110,99.52,10.480000000000004
129,129.695,-0.6949999999999932
203,229.095,-26.095
75,75.315,-0.3149999999999977
106,96.01,9.989999999999995
347,357.05,-10.050000000000011
44,43.155,0.8449999999999989
208,194.98,13.02000000000001
305,301.97,3.0299999999999727
14,21.37,-7.370000000000001
42,40.18,1.8200000000000003
187,188.33,-1.3300000000000125
166,188.6,-22.599999999999994
57,70.505,-13.504999999999995
7,10.87,-3.869999999999999
154,157.83,-3.8300000000000125
338,327.96,10.04000000000002
137,138.04,-1.039999999999992
171,170.445,0.5550000000000068
161,149.33,11.669999999999987
5,5.725,-0.7249999999999996
168,192.665,-24.664999999999992
77,66.555,10.444999999999993
51,49.44,1.5600000000000023
383,413.32,-30.319999999999993
65,63.895,1.1049999999999969
7,9.56,-2.5600000000000005
349,263.795,85.20499999999998
60,62.85,-2.8500000000000014
111,107.51,3.489999999999995
179,184.87,-5.8700000000000045
59,61.985,-2.9849999999999994
148,152.04,-4.039999999999992
13,18.95,-5.949999999999999
157,163.81,-6.810000000000002
2,4.305,-2.3049999999999997
580,488.7,91.30000000000001
168,141.34,26.659999999999997
266,264.435,1.5649999999999977
15,17.7,-2.6999999999999993
375,367.68,7.319999999999993
250,238.37,11.629999999999995
486,466.47,19.529999999999973
21,38.985,-17.985
61,64.715,-3.7150000000000034
159,163.575,-4.574999999999989
597,561.445,35.55499999999995
44,45.49,-1.490000000000002
21,20.12,0.879999999999999
164,167.72,-3.719999999999999
10,10.535,-0.5350000000000001
71,100.28,-29.28
105,96.035,8.965000000000003
349,356.3,-7.300000000000011
173,155.8,17.19999999999999
40,38.26,1.740000000000002
54,78.59,-24.590000000000003
10,23.86,-13.86
5,4.66,0.33999999999999986
144,130.625,13.375
82,91.975,-9.974999999999994
296,275.245,20.754999999999995
505,504.455,0.5450000000000159
6,8.56,-2.5600000000000005
24,21.79,2.210000000000001
10,16.565,-6.565000000000001
506,473.565,32.435
226,227.385,-1.384999999999991
1,7.52,-6.52
350,336.06,13.939999999999998
340,348.325,-8.324999999999989
227,232.805,-5.805000000000007
593,540.78,52.22000000000003
70,87.545,-17.545
41,66.92,-25.92
513,537.17,-24.16999999999996
46,60.55,-14.549999999999997
346,329.965,16.035000000000025
377,384.54,-7.5400000000000205
92,94.155,-2.155000000000001
109,121.345,-12.344999999999999
222,218.595,3.405000000000001
242,250.23,-8.22999999999999
14,15.11,-1.1099999999999994
374,369.265,4.735000000000014
443,456.25,-13.25
172,180.945,-8.944999999999993
187,161.055,25.944999999999993
126,142.0,-16.0
106,133.45,-27.44999999999999
275,279.26,-4.259999999999991
21,39.515,-18.515
375,341.565,33.435
33,33.95,-0.9500000000000028
25,26.585,-1.5850000000000009
381,388.975,-7.975000000000023
6,8.845,-2.8450000000000006
383,366.905,16.095000000000027
34,29.525,4.475000000000001
210,193.04,16.960000000000008
700,617.835,82.16499999999996
279,272.895,6.105000000000018
328,326.89,1.1100000000000136
360,340.37,19.629999999999995
3,6.145,-3.1449999999999996
638,596.73,41.26999999999998
268,266.69,1.3100000000000023
261,254.67,6.3300000000000125
166,170.0,-4.0
20,38.49,-18.490000000000002
9,14.435,-5.4350000000000005
253,244.6275,8.372500000000002
351,372.56,-21.560000000000002
269,277.555,-8.555000000000007
55,63.15,-8.149999999999999
292,305.145,-13.144999999999982
3,12.89,-9.89
161,171.035,-10.034999999999997
15,15.19,-0.1899999999999995
7,10.34,-3.34
69,79.785,-10.784999999999997
19,43.565,-24.564999999999998
87,80.68,6.319999999999993
3,9.37,-6.369999999999999
6,9.795,-3.795
112,100.895,11.105000000000004
275,277.1,-2.1000000000000227
151,152.695,-1.6949999999999932
241,255.815,-14.814999999999998
119,137.57,-18.569999999999993
268,266.805,1.1949999999999932
78,101.045,-23.045
798,755.34,42.65999999999997
89,113.085,-24.084999999999994
36,29.91,6.09
233,222.245,10.754999999999995
43,60.405,-17.405
241,226.65,14.349999999999994
14,22.09,-8.09
283,283.86,-0.8600000000000136
149,147.955,1.0449999999999875
116,116.285,-0.2849999999999966
377,383.47,-6.470000000000027
323,313.22,9.779999999999973
195,184.535,10.465000000000003
318,378.315,-60.315
197,192.365,4.634999999999991
81,87.37666666666668,-6.376666666666679
330,338.975,-8.975000000000023
62,56.15,5.850000000000001
192,212.04,-20.039999999999992
48,65.86,-17.86
381,350.85,30.149999999999977
329,329.67,-0.6700000000000159
274,279.52,-5.519999999999982
93,125.635,-32.635000000000005
702,637.805,64.19500000000005
92,82.7,9.299999999999997
300,301.53,-1.5299999999999727
9,14.3,-5.300000000000001
21,17.7,3.3000000000000007
210,204.97,5.030000000000001
237,245.095,-8.094999999999999
34,42.225,-8.225000000000001
785,790.505,-5.5049999999999955
41,34.42,6.579999999999998
336,323.275,12.725000000000023
67,59.455,7.545000000000002
449,421.175,27.82499999999999
100,100.365,-0.3649999999999949
264,269.975,-5.975000000000023
52,55.205,-3.2049999999999983
6,15.715,-9.715
55,76.955,-21.955
285,315.19,-30.189999999999998
44,44.93,-0.9299999999999997
25,34.925,-9.924999999999997
207,201.04,5.960000000000008
331,360.11,-29.110000000000014
225,219.94,5.060000000000002
5,12.935,-7.9350000000000005
59,60.145,-1.1450000000000031
420,401.605,18.394999999999982
436,449.98,-13.980000000000018
114,116.82,-2.819999999999993
249,245.85,3.1500000000000057
373,409.55,-36.55000000000001
86,110.26,-24.260000000000005
104,102.215,1.7849999999999966
244,249.415,-5.414999999999992
11,21.34,-10.34
268,263.29,4.7099999999999795
153,158.225,-5.224999999999994
402,409.265,-7.264999999999986
20,22.675,-2.6750000000000007
8,13.82,-5.82
253,266.97,-13.970000000000027
588,566.145,21.855000000000018
410,413.435,-3.4350000000000023
274,279.165,-5.1650000000000205
246,246.86,-0.8600000000000136
47,55.645,-8.645000000000003
155,163.045,-8.044999999999987
1,5.0,-4.0
27,41.25,-14.25
308,287.88,20.120000000000005
57,49.145,7.854999999999997
599,578.825,20.174999999999955
38,34.39,3.6099999999999994
86,74.96,11.040000000000006
10,16.11,-6.109999999999999
183,175.38,7.6200000000000045
11,21.02,-10.02
72,71.07,0.9300000000000068
24,26.025,-2.0249999999999986
78,90.47,-12.469999999999999
171,176.495,-5.4950000000000045
48,41.645,6.354999999999997
646,608.63,37.370000000000005
94,95.705,-1.7049999999999983
556,534.79,21.210000000000036
36,67.005,-31.004999999999995
454,422.515,31.485000000000014
5,7.465,-2.465
192,209.635,-17.63499999999999
632,635.84,-3.840000000000032
114,116.425,-2.424999999999997
337,320.275,16.725000000000023
62,60.575,1.4249999999999972
264,255.47,8.530000000000001
113,139.795,-26.794999999999987
61,55.45,5.549999999999997
168,166.42,1.5800000000000125
29,41.39,-12.39
483,416.77,66.23000000000002
41,62.115,-21.115000000000002
340,348.61,-8.610000000000014
229,211.315,17.685000000000002
455,415.04,39.95999999999998
19,26.78,-7.780000000000001
1,7.31,-6.31
74,74.36,-0.35999999999999943
202,217.02,-15.02000000000001
71,58.315,12.685000000000002
10,10.71,-0.7100000000000009
50,61.355,-11.354999999999997
10,11.885,-1.8849999999999998
182,185.97,-3.969999999999999
405,367.4,37.60000000000002
6,11.91,-5.91
31,38.3,-7.299999999999997
3,5.5,-2.5
154,167.32,-13.319999999999993
15,14.55,0.4499999999999993
167,199.105,-32.10499999999999
69,110.985,-41.985
41,47.925,-6.924999999999997
202,220.14,-18.139999999999986
244,246.79,-2.789999999999992
34,37.585,-3.585000000000001
211,197.675,13.324999999999989
3,6.48,-3.4800000000000004
93,81.92,11.079999999999998
341,334.085,6.9150000000000205
60,83.99,-23.989999999999995
123,126.18,-3.180000000000007
285,314.775,-29.774999999999977
67,71.185,-4.185000000000002
727,709.445,17.55499999999995
40,43.95,-3.950000000000003
140,158.355,-18.35499999999999
158,162.085,-4.085000000000008
248,271.055,-23.055000000000007
184,200.435,-16.435000000000002
81,109.535,-28.534999999999997
257,276.605,-19.605000000000018
233,236.235,-3.2350000000000136
108,116.675,-8.674999999999997
658,623.325,34.674999999999955
10,12.425,-2.4250000000000007
820,831.005,-11.004999999999995
421,441.385,-20.38499999999999
78,76.745,1.2549999999999955
175,181.345,-6.344999999999999
117,127.585,-10.584999999999994
266,255.475,10.525000000000006
313,319.965,-6.964999999999975
163,149.845,13.155000000000001
325,341.135,-16.13499999999999
94,113.275,-19.275000000000006
249,195.545,53.45500000000001
547,504.625,42.375
106,138.32,-32.31999999999999
536,529.695,6.30499999999995
286,321.96,-35.95999999999998
351,328.335,22.66500000000002
109,122.445,-13.444999999999993
4,4.96,-0.96
689,581.7,107.29999999999995
371,350.56,20.439999999999998
129,120.255,8.745000000000005
322,321.515,0.48500000000001364
435,383.385,51.61500000000001
4,7.74,-3.74
45,47.015,-2.0150000000000006
152,153.225,-1.2249999999999943
169,190.91,-21.909999999999997
179,142.29,36.71000000000001
3,8.605,-5.605
56,47.03,8.969999999999999
11,21.315,-10.315000000000001
11,12.495,-1.4949999999999992
1,6.835,-5.835
110,93.725,16.275000000000006
47,39.625,7.375
287,290.4,-3.3999999999999773
130,139.455,-9.455000000000013
290,293.695,-3.694999999999993
29,28.695,0.3049999999999997
185,187.625,-2.625
20,25.555,-5.555
67,69.05,-2.049999999999997
280,279.065,0.9350000000000023
138,150.29,-12.289999999999992
219,208.12,10.879999999999995
219,231.99,-12.990000000000009
53,50.725,2.2749999999999986
29,33.395,-4.395000000000003
3,6.835,-3.835
369,338.81,30.189999999999998
615,623.27,-8.269999999999982
398,400.565,-2.5649999999999977
4,6.385,-2.385
42,46.645,-4.645000000000003
82,75.6,6.400000000000006
19,44.08,-25.08
229,238.515,-9.514999999999986
254,255.0,-1.0
186,194.275,-8.275000000000006
161,174.0,-13.0
241,246.5,-5.5
16,30.635,-14.635000000000002
163,152.24,10.759999999999991
4,6.79,-2.79
69,65.09,3.9099999999999966
419,452.195,-33.19499999999999
274,279.75,-5.75
76,82.595,-6.594999999999999
109,102.965,6.034999999999997
255,276.44,-21.439999999999998
893,762.71,130.28999999999996
255,257.015,-2.0149999999999864
143,163.425,-20.42500000000001
212,195.535,16.465000000000003
2,5.95,-3.95
159,150.26,8.740000000000009
217,208.845,8.155000000000001
31,32.24,-1.240000000000002
5,10.975,-5.975
457,471.995,-14.995000000000005
220,208.3,11.699999999999989
30,37.79,-7.789999999999999
6,8.335,-2.335000000000001
40,36.6,3.3999999999999986
427,396.97,30.029999999999973
106,115.495,-9.495000000000005
32,32.57,-0.5700000000000003
15,18.915,-3.914999999999999
241,239.93,1.0699999999999932
150,158.26,-8.259999999999991
568,603.73,-35.73000000000002
253,240.265,12.735000000000014
397,342.32,54.68000000000001
8,20.045,-12.045000000000002
457,411.54,45.45999999999998
314,296.035,17.964999999999975
22,23.105,-1.1050000000000004
487,457.04,29.95999999999998
272,269.78,2.2200000000000273
225,222.48,2.5200000000000102
326,358.865,-32.86500000000001
28,29.735,-1.7349999999999994
150,166.68,-16.680000000000007
224,239.175,-15.175000000000011
273,257.565,15.435000000000002
204,207.435,-3.4350000000000023
1,4.305,-3.3049999999999997
5,10.155,-5.154999999999999
146,142.83,3.1699999999999875
78,83.74,-5.739999999999995
298,311.125,-13.125
67,71.62,-4.6200000000000045
582,590.9,-8.899999999999977
5,18.065,-13.065000000000001
460,436.34,23.660000000000025
788,639.05,148.95000000000005
6,11.675,-5.675000000000001
60,77.835,-17.834999999999994
194,194.1,-0.09999999999999432
591,555.245,35.754999999999995
135,146.045,-11.044999999999987
13,16.265,-3.2650000000000006
182,171.78,10.219999999999999
6,5.505,0.4950000000000001
327,328.885,-1.884999999999991
37,40.685,-3.6850000000000023
343,326.525,16.475000000000023
218,211.16,6.840000000000003
332,337.69,-5.689999999999998
161,162.09,-1.0900000000000034
472,457.67,14.329999999999984
215,224.465,-9.465000000000003
232,281.905,-49.90499999999997
49,79.395,-30.394999999999996
211,214.945,-3.944999999999993
194,190.385,3.615000000000009
81,102.325,-21.325000000000003
4,6.035,-2.035
418,388.6,29.399999999999977
176,180.3,-4.300000000000011
901,826.38,74.62
19,32.035,-13.034999999999997
191,200.6825,-9.682500000000005
47,70.445,-23.444999999999993
10,16.295,-6.295000000000002
19,21.85,-2.8500000000000014
145,156.135,-11.134999999999991
435,405.26,29.74000000000001
696,643.58,52.41999999999996
299,264.49,34.50999999999999
294,285.63,8.370000000000005
188,194.885,-6.884999999999991
190,174.825,15.175000000000011
8,18.975,-10.975000000000001
87,88.42,-1.4200000000000017
103,96.765,6.234999999999999
186,204.595,-18.595
64,63.755,0.24499999999999744
116,111.685,4.314999999999998
351,354.965,-3.964999999999975
167,175.655,-8.655000000000001
691,685.285,5.715000000000032
11,16.675,-5.675000000000001
270,291.325,-21.32499999999999
168,187.56,-19.560000000000002
50,45.16,4.840000000000003
177,184.46,-7.460000000000008
159,171.555,-12.555000000000007
70,91.925,-21.924999999999997
100,108.77,-8.769999999999996
56,73.5,-17.5
183,179.995,3.0049999999999955
132,145.755,-13.754999999999995
9,18.185,-9.184999999999999
468,459.1,8.899999999999977
520,425.4,94.60000000000002
399,400.465,-1.464999999999975
286,286.5,-0.5
197,189.225,7.775000000000006
723,599.82,123.17999999999995
67,89.165,-22.165000000000006
479,445.0,34.0
24,35.405,-11.405000000000001
222,215.02,6.97999999999999
8,11.245,-3.244999999999999
69,80.375,-11.375
192,170.48,21.52000000000001
6,11.96,-5.960000000000001
188,186.8,1.1999999999999886
402,359.17,42.829999999999984
311,296.35,14.649999999999977
71,78.58,-7.579999999999998
779,724.345,54.65499999999997
388,370.905,17.095000000000027
199,192.105,6.89500000000001
57,48.175,8.825000000000003
3,6.07,-3.0700000000000003
317,323.34,-6.339999999999975
10,15.53,-5.529999999999999
79,76.585,2.4150000000000063
4,9.695,-5.695
310,337.78,-27.779999999999973
7,6.795,0.20500000000000007
17,16.275,0.7250000000000014
371,387.765,-16.764999999999986
39,45.935,-6.935000000000002
3,8.34,-5.34
180,189.73,-9.72999999999999
27,25.37,1.629999999999999
74,80.815,-6.814999999999998
296,285.64,10.360000000000014
300,276.355,23.644999999999982
92,105.79,-13.790000000000006
466,451.275,14.725000000000023
609,572.41,36.59000000000003
3,6.11,-3.1100000000000003
270,284.32,-14.319999999999993
335,317.07,17.930000000000007
420,407.1275,12.872500000000002
124,138.89,-14.889999999999986
431,420.9225,10.077499999999986
181,152.695,28.305000000000007
140,149.315,-9.314999999999998
218,215.105,2.8950000000000102
103,103.59,-0.5900000000000034
23,22.93,0.07000000000000028
279,275.44,3.5600000000000023
182,167.83,14.169999999999987
348,345.675,2.3249999999999886
68,83.045,-15.045000000000002
28,21.595,6.405000000000001
77,73.515,3.4849999999999994
486,487.36,-1.3600000000000136
42,42.195,-0.19500000000000028
299,302.125,-3.125
60,53.52,6.479999999999997
158,158.92,-0.9199999999999875
108,115.125,-7.125
605,594.845,10.154999999999973
199,209.18,-10.180000000000007
120,114.225,5.775000000000006
198,210.78,-12.780000000000001
358,296.09,61.910000000000025
291,284.275,6.725000000000023
364,384.56,-20.560000000000002
27,27.32,-0.3200000000000003
189,186.05,2.9499999999999886
13,20.62,-7.620000000000001
204,205.7,-1.6999999999999886
297,353.365,-56.36500000000001
173,184.175,-11.175000000000011
163,176.045,-13.044999999999987
242,240.82,1.1800000000000068
272,261.785,10.214999999999975
238,215.72,22.28
138,149.15,-11.150000000000006
85,92.225,-7.224999999999994
15,24.91,-9.91
28,33.565,-5.564999999999998
313,297.115,15.884999999999991
77,78.845,-1.8449999999999989
406,408.005,-2.0049999999999955
142,210.26,-68.25999999999999
426,416.305,9.694999999999993
23,27.435,-4.434999999999999
40,41.8,-1.7999999999999972
55,58.76,-3.759999999999998
420,402.62,17.379999999999995
399,409.455,-10.454999999999984
6,9.49,-3.49
386,390.005,-4.0049999999999955
67,69.175,-2.174999999999997
19,20.2,-1.1999999999999993
85,84.75,0.25
222,238.835,-16.835000000000008
491,428.465,62.535000000000025
116,104.625,11.375
7,14.32,-7.32
289,298.835,-9.83499999999998
4,8.55,-4.550000000000001
53,51.2,1.7999999999999972
144,141.43,2.569999999999993
42,36.93,5.07
58,58.115,-0.11500000000000199
43,35.09,7.909999999999997
9,20.985,-11.985
213,192.05,20.94999999999999
136,144.24,-8.240000000000009
101,93.23,7.769999999999996
601,488.64,112.36000000000001
168,175.715,-7.715000000000003
321,364.725,-43.72500000000002
20,19.815,0.18499999999999872
5,11.845,-6.845000000000001
394,412.035,-18.035000000000025
265,290.2,-25.19999999999999
21,20.145,0.8550000000000004
123,117.925,5.075000000000003
6,10.885,-4.885
86,97.825,-11.825000000000003
116,120.79,-4.790000000000006
193,212.56,-19.560000000000002
122,124.48,-2.480000000000004
277,276.46,0.5400000000000205
42,64.315,-22.314999999999998
355,360.29,-5.2900000000000205
8,14.865,-6.865
32,33.67,-1.6700000000000017
147,142.92,4.0800000000000125
3,6.815,-3.8150000000000004
129,117.86,11.14
237,225.615,11.384999999999991
2,7.36,-5.36
140,145.24,-5.240000000000009
73,68.165,4.834999999999994
107,119.93,-12.930000000000007
359,369.43,-10.430000000000007
251,243.02,7.97999999999999
249,227.565,21.435000000000002
178,199.92,-21.919999999999987
669,680.155,-11.154999999999973
145,145.83,-0.8300000000000125
74,71.475,2.5250000000000057
386,394.41,-8.410000000000025
32,25.18,6.82
50,64.47,-14.469999999999999
62,86.645,-24.644999999999996
151,159.42,-8.419999999999987
325,344.355,-19.355000000000018
73,76.845,-3.844999999999999
118,119.245,-1.2450000000000045
225,209.9,15.099999999999994
331,317.055,13.944999999999993
33,60.3,-27.299999999999997
3,6.705,-3.705
25,48.665,-23.665
150,150.03,-0.030000000000001137
448,415.835,32.16500000000002
458,417.665,40.33499999999998
349,336.37,12.629999999999995
113,103.845,9.155000000000001
15,12.585,2.414999999999999
7,12.95,-5.949999999999999
85,96.305,-11.305000000000007
678,550.32,127.67999999999995
226,235.47,-9.469999999999999
1,9.15,-8.15
284,287.585,-3.5849999999999795
167,179.65,-12.650000000000006
20,24.05,-4.050000000000001
127,131.93,-4.930000000000007
121,135.49,-14.490000000000009
483,513.31,-30.309999999999945
2,9.275,-7.275
291,298.675,-7.675000000000011
68,65.57,2.430000000000007
2,5.01,-3.01
16,16.85,-0.8500000000000014
90,100.15,-10.150000000000006
1,10.585,-9.585
43,102.04,-59.040000000000006
112,104.81,7.189999999999998
131,123.15,7.849999999999994
143,127.94,15.060000000000002
2,8.495,-6.494999999999999
381,352.645,28.355000000000018
68,69.27,-1.269999999999996
330,308.98,21.019999999999982
229,240.095,-11.094999999999999
80,100.7,-20.700000000000003
274,277.01,-3.009999999999991
276,264.02,11.980000000000018
281,297.905,-16.904999999999973
76,82.93,-6.930000000000007
12,14.12,-2.119999999999999
88,93.495,-5.4950000000000045
27,32.065,-5.064999999999998
129,141.105,-12.10499999999999
285,281.75,3.25
733,688.53,44.47000000000003
38,42.57,-4.57
674,637.935,36.065000000000055
384,376.705,7.295000000000016
92,130.93,-38.93000000000001
710,628.265,81.73500000000001
79,95.59,-16.590000000000003
177,153.095,23.905
28,23.96,4.039999999999999
9,9.6,-0.5999999999999996
103,103.63,-0.6299999999999955
243,243.64,-0.6399999999999864
82,72.815,9.185000000000002
2,3.12,-1.12
125,117.495,7.5049999999999955
439,449.37,-10.370000000000005
165,183.31,-18.310000000000002
179,177.455,1.5449999999999875
425,486.755,-61.754999999999995
43,46.41,-3.4099999999999966
187,171.965,15.034999999999997
17,17.26,-0.26000000000000156
59,62.38,-3.3800000000000026
102,109.79,-7.790000000000006
134,166.91,-32.91
303,315.8,-12.800000000000011
44,42.45,1.5499999999999972
125,118.28,6.719999999999999
8,13.665,-5.664999999999999
86,112.36,-26.36
5,9.665,-4.664999999999999
12,10.315,1.6850000000000005
3,5.755,-2.755
192,192.455,-0.4550000000000125
40,39.825,0.17499999999999716
148,146.865,1.134999999999991
95,90.685,4.314999999999998
126,134.65,-8.650000000000006
36,36.74,-0.740000000000002
6,13.99,-7.99
614,621.45,-7.4500000000000455
278,316.09,-38.089999999999975
379,386.29,-7.2900000000000205
393,356.27,36.73000000000002
7,11.855,-4.855
320,320.12,-0.12000000000000455
204,214.31,-10.310000000000002
248,245.84,2.1599999999999966
105,114.995,-9.995000000000005
190,190.265,-0.26499999999998636
265,276.915,-11.91500000000002
214,214.95,-0.9499999999999886
314,350.7,-36.69999999999999
149,140.91,8.090000000000003
83,83.925,-0.9249999999999972
168,167.86,0.13999999999998636
277,293.36,-16.360000000000014
138,141.93,-3.930000000000007
306,313.68,-7.680000000000007
423,419.28,3.7200000000000273
196,177.395,18.60499999999999
3,8.885,-5.885
2,7.75,-5.75
7,11.31,-4.3100000000000005
89,109.055,-20.055000000000007
111,119.86,-8.86
9,9.805,-0.8049999999999997
349,314.19,34.81
85,90.815,-5.814999999999998
8,12.485,-4.484999999999999
184,181.29,2.710000000000008
3,4.375,-1.375
34,32.055,1.9450000000000003
300,311.22,-11.220000000000027
310,270.315,39.685
3,9.45,-6.449999999999999
8,12.335,-4.335000000000001
73,75.66,-2.6599999999999966
220,190.265,29.735000000000014
18,36.93,-18.93
246,250.635,-4.634999999999991
194,177.24,16.75999999999999
96,106.725,-10.724999999999994
119,115.3,3.700000000000003
180,198.605,-18.60499999999999
290,292.925,-2.9250000000000114
29,21.12,7.879999999999999
239,232.305,6.694999999999993
51,52.005,-1.0050000000000026
175,162.745,12.254999999999995
18,17.07,0.9299999999999997
970,832.49,137.51
249,234.755,14.245000000000005
117,109.705,7.295000000000002
55,54.275,0.7250000000000014
5,6.785,-1.7850000000000001
278,283.91,-5.910000000000025
199,205.44,-6.439999999999998
464,501.745,-37.745000000000005
4,11.0,-7.0
586,568.09,17.909999999999968
286,300.145,-14.144999999999982
88,106.67,-18.67
79,85.72,-6.719999999999999
202,221.935,-19.935000000000002
155,157.425,-2.4250000000000114
229,221.79,7.210000000000008
6,12.955,-6.955
53,59.755,-6.755000000000003
7,15.355,-8.355
5,7.215,-2.215
321,313.395,7.605000000000018
134,141.905,-7.905000000000001
8,9.63,-1.6300000000000008
7,9.35,-2.3499999999999996
14,30.67,-16.67
338,315.265,22.735000000000014
82,99.16,-17.159999999999997
187,186.76,0.2400000000000091
1,22.945,-21.945
331,317.445,13.555000000000007
117,120.145,-3.144999999999996
1,12.29,-11.29
104,111.78,-7.780000000000001
87,107.395,-20.394999999999996
485,442.83,42.170000000000016
390,407.925,-17.92500000000001
19,26.155,-7.155000000000001
419,397.065,21.935000000000002
8,17.16,-9.16
713,622.95,90.04999999999995
136,152.59,-16.590000000000003
42,45.15,-3.1499999999999986
107,97.9,9.099999999999994
705,654.805,50.19500000000005
481,491.815,-10.814999999999998
102,117.955,-15.954999999999998
238,229.83,8.169999999999987
241,239.15,1.8499999999999943
135,155.625,-20.625
468,453.025,14.975000000000023
279,319.405,-40.40499999999997
43,47.94,-4.939999999999998
54,43.47,10.530000000000001
386,378.88,7.1200000000000045
207,244.87,-37.870000000000005
498,466.29,31.70999999999998
152,158.71,-6.710000000000008
238,221.745,16.254999999999995
12,13.215,-1.2149999999999999
671,618.58,52.41999999999996
4,10.445,-6.445
116,105.43,10.569999999999993
345,323.305,21.694999999999993
46,52.45,-6.450000000000003
4,8.755,-4.755000000000001
133,141.745,-8.745000000000005
66,60.71,5.289999999999999
273,244.15,28.849999999999994
125,117.835,7.165000000000006
449,413.065,35.935
30,31.755,-1.754999999999999
124,99.655,24.345
74,86.355,-12.355000000000004
78,71.845,6.155000000000001
3,4.985,-1.9850000000000003
58,60.07,-2.0700000000000003
22,32.66,-10.659999999999997
267,302.23,-35.23000000000002
527,433.25,93.75
302,317.42,-15.420000000000016
152,159.42,-7.4199999999999875
6,15.085,-9.085
144,137.35,6.650000000000006
568,490.275,77.72500000000002
141,145.35,-4.349999999999994
155,183.8,-28.80000000000001
374,384.63,-10.629999999999995
341,339.625,1.375
617,590.005,26.995000000000005
728,705.29,22.710000000000036
4,11.165,-7.164999999999999
177,182.01,-5.009999999999991
99,113.6,-14.599999999999994
6,13.44,-7.4399999999999995
155,160.855,-5.85499999999999
78,89.565,-11.564999999999998
102,104.785,-2.7849999999999966
112,116.93,-4.930000000000007
170,171.875,-1.875
177,183.125,-6.125
14,25.315,-11.315000000000001
60,62.65,-2.6499999999999986
230,236.285,-6.284999999999997
58,50.58,7.420000000000002
116,133.165,-17.164999999999992
8,8.855,-0.8550000000000004
58,63.0,-5.0
138,149.85,-11.849999999999994
517,497.69,19.310000000000002
8,19.985,-11.985
5,13.31,-8.31
332,321.525,10.475000000000023
21,17.895,3.1050000000000004
247,237.6,9.400000000000006
377,334.92,42.079999999999984
116,100.615,15.385000000000005
241,230.36,10.639999999999986
7,14.525,-7.525
6,10.225,-4.225
6,10.865,-4.865
211,223.535,-12.534999999999997
23,46.72,-23.72
87,107.58,-20.58
123,129.425,-6.425000000000011
6,10.35,-4.35
215,216.465,-1.4650000000000034
72,73.82,-1.8199999999999932
197,207.015,-10.014999999999986
28,36.17,-8.170000000000002
38,43.68,-5.68
3,8.795,-5.795
262,283.89,-21.889999999999986
27,32.775,-5.774999999999999
20,35.635,-15.634999999999998
11,19.825,-8.825
30,48.85,-18.85
275,290.28,-15.279999999999973
554,511.535,42.464999999999975
57,52.33,4.670000000000002
3,4.75,-1.75
6,9.485,-3.4849999999999994
90,103.36,-13.36
148,142.91,5.090000000000003
171,192.98,-21.97999999999999
4,7.485,-3.4850000000000003
150,154.815,-4.814999999999998
49,39.11,9.89
3,3.665,-0.665
32,52.35,-20.35
851,801.735,49.264999999999986
171,155.935,15.064999999999998
605,559.63,45.370000000000005
289,299.835,-10.83499999999998
340,322.455,17.545000000000016
56,86.605,-30.605000000000004
94,92.605,1.394999999999996
70,73.795,-3.7950000000000017
154,155.035,-1.0349999999999966
72,91.88,-19.879999999999995
20,18.9,1.1000000000000014
66,59.34,6.659999999999997
257,319.845,-62.84500000000003
51,53.8,-2.799999999999997
34,42.68,-8.68
43,73.055,-30.055000000000007
505,498.5,6.5
48,42.155,5.844999999999999
11,15.82,-4.82
165,163.88666666666666,1.113333333333344
146,147.11,-1.1100000000000136
98,115.865,-17.864999999999995
332,322.885,9.115000000000009
239,240.035,-1.0349999999999966
7,12.045,-5.045
511,497.03,13.970000000000027
5,9.115,-4.115
155,169.47,-14.469999999999999
519,533.36,-14.360000000000014
306,303.22,2.7799999999999727
85,99.87,-14.870000000000005
168,183.405,-15.405000000000001
10,10.895,-0.8949999999999996
209,213.19,-4.189999999999998
237,270.095,-33.09500000000003
157,158.655,-1.6550000000000011
230,233.345,-3.344999999999999
12,12.51,-0.5099999999999998
156,154.92,1.0800000000000125
2,6.025,-4.025
604,607.83,-3.830000000000041
5,8.1,-3.0999999999999996
320,314.57,5.430000000000007
336,329.43,6.569999999999993
95,155.95,-60.94999999999999
642,584.74,57.25999999999999
45,46.795,-1.7950000000000017
26,26.845,-0.8449999999999989
240,230.99,9.009999999999991
626,632.2475,-6.247499999999945
5,18.06,-13.059999999999999
244,277.55,-33.55000000000001
282,297.53,-15.529999999999973
142,143.335,-1.335000000000008
5,17.365,-12.364999999999998
89,84.42,4.579999999999998
61,71.035,-10.034999999999997
371,346.795,24.204999999999984
11,25.255,-14.254999999999999
109,109.6,-0.5999999999999943
126,126.955,-0.9549999999999983
389,391.615,-2.615000000000009
473,460.65,12.350000000000023
296,314.92,-18.920000000000016
31,32.375,-1.375
286,299.41,-13.410000000000025
370,374.375,-4.375
138,138.375,-0.375
528,460.99,67.00999999999999
653,597.045,55.95500000000004
5,10.87,-5.869999999999999
6,7.55,-1.5499999999999998
270,251.435,18.564999999999998
707,684.0025,22.997499999999945
127,141.075,-14.074999999999989
217,233.335,-16.335000000000008
224,251.4,-27.400000000000006
73,70.24,2.760000000000005
4,6.95,-2.95
17,19.39,-2.3900000000000006
373,366.885,6.115000000000009
128,145.94,-17.939999999999998
70,70.465,-0.4650000000000034
88,75.395,12.605000000000004
290,282.605,7.394999999999982
385,420.925,-35.92500000000001
67,72.98,-5.980000000000004
666,660.165,5.835000000000036
245,260.165,-15.16500000000002
686,577.15,108.85000000000002
349,318.845,30.154999999999973
370,400.825,-30.82499999999999
455,455.44,-0.4399999999999977
191,189.215,1.7849999999999966
23,32.035,-9.034999999999997
93,78.3,14.700000000000003
586,583.0,3.0
161,169.58,-8.580000000000013
96,114.35,-18.349999999999994
217,221.345,-4.344999999999999
88,88.325,-0.32500000000000284
224,214.765,9.235000000000014
10,15.835,-5.835000000000001
76,77.565,-1.5649999999999977
288,304.655,-16.654999999999973
117,118.765,-1.7650000000000006
340,400.07,-60.06999999999999
120,102.435,17.564999999999998
118,127.235,-9.235
6,7.375,-1.375
13,35.775,-22.775
130,136.005,-6.0049999999999955
50,41.34,8.659999999999997
129,135.155,-6.155000000000001
46,75.575,-29.575000000000003
679,651.515,27.485000000000014
190,219.835,-29.835000000000008
93,82.945,10.055000000000007
120,119.905,0.09499999999999886
33,37.25,-4.25
381,372.36,8.639999999999986
148,144.365,3.634999999999991
17,16.685,0.3150000000000013
56,77.49,-21.489999999999995
98,106.83,-8.829999999999998
664,617.955,46.04499999999996
244,241.37,2.6299999999999955
723,703.44,19.559999999999945
417,419.77,-2.769999999999982
196,196.895,-0.8950000000000102
25,21.865,3.1350000000000016
15,19.91,-4.91
114,107.885,6.114999999999995
89,119.06,-30.060000000000002
114,142.76,-28.75999999999999
179,183.735,-4.735000000000014
1,4.87,-3.87
30,40.255,-10.255000000000003
155,130.155,24.845
138,159.175,-21.17500000000001
110,108.185,1.8149999999999977
30,34.535,-4.534999999999997
72,91.39,-19.39
291,298.275,-7.274999999999977
193,210.71,-17.710000000000008
21,26.66,-5.66
117,106.085,10.915000000000006
92,90.885,1.1149999999999949
71,76.025,-5.025000000000006
158,153.18,4.819999999999993
29,43.385,-14.384999999999998
641,649.57,-8.57000000000005
107,114.54,-7.540000000000006
317,328.595,-11.595000000000027
8,19.765,-11.765
191,189.76,1.240000000000009
461,463.825,-2.8249999999999886
280,284.285,-4.285000000000025
672,630.1,41.89999999999998
202,199.605,2.3950000000000102
4,6.575,-2.575
167,166.125,0.875
17,25.16,-8.16
593,563.04,29.960000000000036
348,380.305,-32.30500000000001
120,125.785,-5.784999999999997
322,315.335,6.6650000000000205
612,589.58,22.41999999999996
412,383.035,28.964999999999975
194,163.505,30.495000000000005
122,109.96,12.040000000000006
317,331.13,-14.129999999999995
25,27.385,-2.3850000000000016
77,71.535,5.465000000000003
78,74.145,3.855000000000004
69,71.39,-2.3900000000000006
158,165.735,-7.735000000000014
167,173.51,-6.509999999999991
421,448.485,-27.485000000000014
538,514.295,23.70500000000004
110,131.58,-21.580000000000013
6,12.085,-6.085000000000001
254,241.015,12.985000000000014
423,412.615,10.384999999999991
158,174.985,-16.985000000000014
66,66.595,-0.5949999999999989
90,118.495,-28.495000000000005
435,380.34,54.660000000000025
516,547.715,-31.715000000000032
241,271.84,-30.839999999999975
355,409.305,-54.30500000000001
102,105.555,-3.555000000000007
191,199.815,-8.814999999999998
734,723.565,10.434999999999945
32,35.77,-3.770000000000003
62,91.24,-29.239999999999995
51,77.21,-26.209999999999994
313,313.865,-0.8650000000000091
191,169.775,21.224999999999994
50,62.99,-12.990000000000002
20,21.625,-1.625
34,55.75,-21.75
341,361.53,-20.529999999999973
578,564.7175,13.282500000000027
24,34.695,-10.695
300,264.4,35.60000000000002
7,8.885,-1.8849999999999998
168,155.91,12.090000000000003
10,11.175,-1.1750000000000007
147,132.685,14.314999999999998
20,19.785,0.21499999999999986
39,43.28,-4.280000000000001
534,512.8,21.200000000000045
120,137.91,-17.909999999999997
406,411.12,-5.1200000000000045
16,24.83,-8.829999999999998
41,53.755,-12.755000000000003
4,9.09,-5.09
1,5.68,-4.68
453,447.86,5.139999999999986
2,13.875,-11.875
93,102.41,-9.409999999999997
315,357.51,-42.50999999999999
294,285.755,8.245000000000005
281,267.82,13.180000000000007
196,205.43,-9.430000000000007
168,175.975,-7.974999999999994
148,149.485,-1.4850000000000136
184,186.905,-2.905000000000001
420,385.97,34.02999999999997
7,10.235,-3.2349999999999994
87,92.38,-5.3799999999999955
49,42.13,6.869999999999997
57,94.145,-37.144999999999996
58,52.76,5.240000000000002
86,91.0,-5.0
149,163.785,-14.784999999999997
199,185.495,13.504999999999995
268,263.85,4.149999999999977
325,350.845,-25.845000000000027
142,161.72,-19.72
104,102.545,1.4549999999999983
30,24.02,5.98
206,197.5,8.5
5,10.66,-5.66
143,159.76,-16.75999999999999
10,13.21,-3.210000000000001
133,136.795,-3.7949999999999875
854,785.98,68.01999999999998
362,332.22,29.779999999999973
8,10.48,-2.4800000000000004
191,206.23,-15.22999999999999
25,21.04,3.960000000000001
49,65.715,-16.715000000000003
9,22.735,-13.735
13,34.675,-21.674999999999997
15,20.1,-5.100000000000001
17,24.455,-7.454999999999998
3,10.165,-7.164999999999999
134,129.86,4.139999999999986
322,325.165,-3.1650000000000205
60,58.185,1.8149999999999977
235,251.6,-16.599999999999994
188,190.835,-2.835000000000008
225,238.775,-13.775000000000006
568,532.2,35.799999999999955
107,112.435,-5.435000000000002
153,149.985,3.0149999999999864
154,163.415,-9.414999999999992
767,723.16,43.84000000000003
179,175.34,3.6599999999999966
23,22.115,0.8850000000000016
20,44.325,-24.325000000000003
306,320.45,-14.449999999999989
75,88.6,-13.599999999999994
2,10.275,-8.275
30,23.555,6.445
176,164.985,11.014999999999986
91,87.5975,3.4025000000000034
181,199.445,-18.444999999999993
337,320.4,16.600000000000023
107,141.18,-34.18000000000001
22,24.995,-2.995000000000001
13,14.605,-1.6050000000000004
21,19.55,1.4499999999999993
243,227.37,15.629999999999995
98,131.29,-33.28999999999999
3,9.35,-6.35
334,316.675,17.32499999999999
6,7.2,-1.2000000000000002
146,151.175,-5.175000000000011
219,206.205,12.794999999999987
20,22.335,-2.335000000000001
251,272.56,-21.560000000000002
207,221.52,-14.52000000000001
95,98.73,-3.730000000000004
456,426.815,29.185000000000002
42,50.515,-8.515
26,27.415,-1.4149999999999991
96,105.535,-9.534999999999997
32,48.455,-16.455
50,57.815,-7.814999999999998
71,73.255,-2.2549999999999955
28,37.51,-9.509999999999998
473,485.69,-12.689999999999998
372,367.82,4.180000000000007
9,15.985,-6.984999999999999
196,188.62,7.3799999999999955
35,31.205,3.7950000000000017
395,411.505,-16.504999999999995
107,117.735,-10.735
8,15.32,-7.32
209,216.805,-7.805000000000007
283,284.585,-1.5849999999999795
221,227.77,-6.77000000000001
229,231.9,-2.9000000000000057
203,222.94,-19.939999999999998
87,98.015,-11.015
121,132.365,-11.365000000000009
338,333.565,4.435000000000002
181,179.075,1.9250000000000114
498,446.11,51.889999999999986
496,517.925,-21.924999999999955
48,54.455,-6.454999999999998
349,334.25,14.75
9,10.165,-1.1649999999999991
175,167.3,7.699999999999989
59,80.135,-21.135000000000005
307,313.195,-6.194999999999993
72,83.64,-11.64
119,130.8,-11.800000000000011
205,224.75,-19.75
83,80.385,2.614999999999995
4,10.6,-6.6
87,89.485,-2.4849999999999994
95,108.02,-13.019999999999996
473,431.77,41.23000000000002
372,357.42,14.579999999999984
422,456.2525,-34.2525
151,154.89,-3.8899999999999864
156,167.705,-11.705000000000013
94,105.065,-11.064999999999998
53,56.17,-3.1700000000000017
133,127.745,5.2549999999999955
293,296.97,-3.9700000000000273
6,7.085,-1.085
74,75.815,-1.8149999999999977
516,551.44,-35.440000000000055
3,4.18,-1.1799999999999997
7,8.685,-1.6850000000000005
203,188.785,14.215000000000003
255,268.24,-13.240000000000009
501,466.545,34.454999999999984
360,356.26,3.740000000000009
4,7.825,-3.825
200,196.455,3.5449999999999875
70,66.895,3.105000000000004
151,165.785,-14.784999999999997
108,109.46,-1.4599999999999937
12,12.405,-0.40499999999999936
337,363.21,-26.20999999999998
8,10.87,-2.869999999999999
432,408.37,23.629999999999995
826,759.815,66.18499999999995
36,37.5,-1.5
387,387.255,-0.25499999999999545
178,159.985,18.014999999999986
10,14.34,-4.34
567,544.905,22.095000000000027
18,24.905,-6.905000000000001
386,389.185,-3.1850000000000023
169,162.67,6.3300000000000125
236,238.71,-2.710000000000008
3,10.645,-7.645
169,194.475,-25.474999999999994
36,32.835,3.164999999999999
256,250.365,5.634999999999991
123,127.595,-4.594999999999999
212,218.22,-6.219999999999999
69,68.44,0.5600000000000023
416,425.14,-9.139999999999986
813,644.59,168.40999999999997
653,598.925,54.075000000000045
598,524.715,73.28499999999997
1,2.555,-1.5550000000000002
166,168.89,-2.8899999999999864
19,22.81,-3.8099999999999987
435,395.705,39.295000000000016
465,443.635,21.36500000000001
274,279.36,-5.360000000000014
253,268.505,-15.504999999999995
359,406.27,-47.26999999999998
246,254.75,-8.75
45,54.775,-9.774999999999999
19,20.265,-1.2650000000000006
71,80.695,-9.694999999999993
28,28.21,-0.21000000000000085
390,358.235,31.764999999999986
49,41.385,7.615000000000002
236,218.18,17.819999999999993
99,91.945,7.055000000000007
204,204.525,-0.5250000000000057
189,189.28,-0.28000000000000114
5,14.52,-9.52
83,81.575,1.4249999999999972
345,306.275,38.72500000000002
374,380.095,-6.095000000000027
673,630.405,42.59500000000003
23,33.255,-10.255000000000003
357,350.255,6.7450000000000045
41,46.09,-5.090000000000003
64,68.685,-4.685000000000002
172,174.37,-2.3700000000000045
86,108.34,-22.340000000000003
3,8.045,-5.045
94,97.655,-3.655000000000001
232,236.06,-4.060000000000002
96,108.07,-12.069999999999993
456,428.605,27.394999999999982
977,866.17,110.83000000000004
110,105.665,4.334999999999994
141,147.8,-6.800000000000011
238,231.01,6.990000000000009
91,82.98,8.019999999999996
50,42.47,7.530000000000001
179,182.185,-3.1850000000000023
98,92.77,5.230000000000004
30,42.445,-12.445
558,478.93,79.07
396,379.245,16.754999999999995
16,16.52,-0.5199999999999996
2,4.425,-2.425
359,345.305,13.694999999999993
208,245.93,-37.93000000000001
49,39.8,9.200000000000003
125,132.13,-7.1299999999999955
408,369.59,38.410000000000025
125,125.705,-0.7049999999999983
45,48.635,-3.634999999999998
235,211.31,23.689999999999998
556,515.35,40.64999999999998
31,28.55,2.4499999999999993
331,366.44,-35.44
197,195.445,1.5550000000000068
90,79.105,10.894999999999996
878,812.3,65.70000000000005
130,121.44,8.560000000000002
585,542.01,42.99000000000001
553,503.995,49.004999999999995
79,99.875,-20.875
138,144.585,-6.585000000000008
5,10.355,-5.355
249,255.29,-6.289999999999992
78,88.8,-10.799999999999997
626,520.375,105.625
33,52.94,-19.939999999999998
82,90.39,-8.39
39,58.1,-19.1
62,58.48,3.520000000000003
314,323.08,-9.079999999999984
21,26.88,-5.879999999999999
71,76.73,-5.730000000000004
341,345.565,-4.564999999999998
2,6.36,-4.36
51,64.585,-13.584999999999994
399,398.97,0.029999999999972715
93,91.635,1.3649999999999949
311,319.585,-8.58499999999998
195,204.98,-9.97999999999999
179,174.96,4.039999999999992
245,241.655,3.344999999999999
68,78.335,-10.334999999999994
44,62.515,-18.515
375,344.565,30.435000000000002
230,246.095,-16.095
497,471.38,25.620000000000005
165,170.09166666666664,-5.09166666666664
290,276.32,13.680000000000007
376,384.455,-8.454999999999984
1,3.065,-2.065
250,260.11,-10.110000000000014
175,170.895,4.10499999999999
556,524.025,31.975000000000023
64,67.015,-3.0150000000000006
76,83.985,-7.984999999999999
32,30.77,1.2300000000000004
279,259.24,19.75999999999999
13,15.045,-2.045
202,203.7125,-1.7125000000000057
162,173.525,-11.525000000000006
134,136.8,-2.8000000000000114
334,397.34,-63.339999999999975
9,19.845,-10.844999999999999
68,72.435,-4.435000000000002
289,290.2,-1.1999999999999886
37,49.895,-12.895000000000003
21,29.52,-8.52
51,72.24,-21.239999999999995
319,318.555,0.4449999999999932
63,68.385,-5.385000000000005
414,412.895,1.1050000000000182
106,98.175,7.825000000000003
136,151.03,-15.030000000000001
156,150.89,5.110000000000014
100,93.51,6.489999999999995
47,34.25,12.75
171,172.67,-1.6699999999999875
127,143.68,-16.680000000000007
338,336.415,1.5849999999999795
92,73.28,18.72
201,202.67,-1.6699999999999875
42,47.015,-5.015000000000001
268,276.73,-8.730000000000018
13,11.065,1.9350000000000005
458,407.04,50.95999999999998
408,385.055,22.944999999999993
342,350.315,-8.314999999999998
7,19.095,-12.094999999999999
1,8.06,-7.0600000000000005
93,84.795,8.204999999999998
693,712.84,-19.840000000000032
271,240.915,30.085000000000008
217,209.315,7.685000000000002
6,9.49,-3.49
83,77.37,5.6299999999999955
28,29.11,-1.1099999999999994
412,415.76,-3.759999999999991
40,41.57,-1.5700000000000003
818,806.15,11.850000000000023
4,6.565,-2.5650000000000004
116,123.655,-7.655000000000001
320,315.885,4.115000000000009
97,104.26,-7.260000000000005
373,340.26,32.74000000000001
301,302.485,-1.4850000000000136
225,227.9,-2.9000000000000057
21,32.24,-11.240000000000002
822,706.705,115.29499999999996
4,6.375,-2.375
202,185.46,16.539999999999992
164,166.76,-2.759999999999991
204,184.725,19.275000000000006
12,21.365,-9.364999999999998
137,151.4375,-14.4375
139,133.96,5.039999999999992
741,712.685,28.315000000000055
289,286.5,2.5
312,338.19,-26.189999999999998
217,220.87,-3.8700000000000045
738,702.975,35.02499999999998
47,64.07,-17.069999999999993
495,501.545,-6.545000000000016
360,355.655,4.345000000000027
221,226.59,-5.590000000000003
113,129.105,-16.10499999999999
105,111.815,-6.814999999999998
6,13.835,-7.835000000000001
185,190.525,-5.525000000000006
146,145.725,0.2750000000000057
8,13.97,-5.970000000000001
655,657.31,-2.3099999999999454
37,31.465,5.535
147,136.9,10.099999999999994
277,277.725,-0.7250000000000227
125,138.15,-13.150000000000006
57,55.57,1.4299999999999997
178,168.58,9.419999999999987
81,80.505,0.49500000000000455
270,276.16,-6.160000000000025
3,8.4,-5.4
38,57.095,-19.095
613,570.99,42.00999999999999
5,8.905,-3.9049999999999994
2,4.585,-2.585
152,158.21,-6.210000000000008
454,439.31,14.689999999999998
8,10.02,-2.0199999999999996
558,560.485,-2.4850000000000136
110,112.04,-2.0400000000000063
129,142.09,-13.090000000000003
26,56.13,-30.130000000000003
131,122.525,8.474999999999994
649,635.435,13.565000000000055
5,16.5,-11.5
282,290.89,-8.889999999999986
355,328.545,26.454999999999984
107,112.86,-5.859999999999999
283,282.03,0.9700000000000273
351,344.525,6.475000000000023
3,9.435,-6.4350000000000005
21,21.49,-0.48999999999999844
190,200.985,-10.985000000000014
300,276.865,23.13499999999999
5,8.13,-3.130000000000001
57,62.935,-5.935000000000002
4,12.75,-8.75
9,14.705,-5.705
248,234.975,13.025000000000006
332,320.055,11.944999999999993
82,90.275,-8.275000000000006
32,29.775,2.2250000000000014
84,82.5,1.5
374,351.905,22.095000000000027
216,219.225,-3.2249999999999943
111,120.31,-9.310000000000002
153,144.985,8.014999999999986
324,339.63,-15.629999999999995
92,93.76,-1.7600000000000051
90,82.02,7.980000000000004
27,60.13,-33.13
244,255.345,-11.344999999999999
179,181.075,-2.0749999999999886
2,12.92,-10.92
183,174.395,8.60499999999999
256,263.175,-7.175000000000011
171,177.825,-6.824999999999989
111,125.81,-14.810000000000002
207,194.03,12.969999999999999
163,176.545,-13.544999999999987
4,6.685,-2.6849999999999996
366,369.58,-3.579999999999984
247,256.48,-9.480000000000018
256,255.395,0.6049999999999898
12,18.69,-6.690000000000001
397,377.085,19.91500000000002
37,36.255,0.7449999999999974
387,377.55,9.449999999999989
105,112.205,-7.204999999999998
492,499.46,-7.4599999999999795
7,17.175,-10.175
237,244.17,-7.1699999999999875
49,51.04,-2.039999999999999
113,115.195,-2.194999999999993
546,537.62,8.379999999999995
64,50.685,13.314999999999998
51,67.7,-16.700000000000003
363,341.195,21.805000000000007
22,42.605,-20.604999999999997
14,12.255,1.7449999999999992
267,285.78,-18.779999999999973
6,10.53,-4.529999999999999
621,548.13,72.87
257,253.655,3.344999999999999
90,107.385,-17.385000000000005
161,153.85,7.150000000000006
7,17.455,-10.454999999999998
134,136.86,-2.8600000000000136
162,167.555,-5.555000000000007
27,29.595,-2.594999999999999
186,191.125,-5.125
7,12.3,-5.300000000000001
57,72.885,-15.885000000000005
6,31.745,-25.745
281,278.635,2.365000000000009
219,219.87,-0.8700000000000045
78,76.46,1.5400000000000063
526,507.975,18.024999999999977
110,110.19,-0.18999999999999773
16,22.1,-6.100000000000001
321,301.525,19.475000000000023
124,127.7,-3.700000000000003
194,194.8675,-0.8675000000000068
165,169.345,-4.344999999999999
290,266.025,23.975000000000023
64,73.44,-9.439999999999998
444,409.545,34.454999999999984
71,66.91,4.090000000000003
98,122.26,-24.260000000000005
421,392.575,28.42500000000001
115,106.225,8.775000000000006
246,231.58,14.419999999999987
367,391.58,-24.579999999999984
106,103.345,2.655000000000001
13,19.16,-6.16
228,218.855,9.14500000000001
178,176.76,1.240000000000009
285,287.77,-2.769999999999982
9,8.735,0.26500000000000057
234,246.04,-12.039999999999992
102,107.17,-5.170000000000002
92,92.095,-0.09499999999999886
3,8.055,-5.055
25,22.745,2.254999999999999
19,25.025,-6.024999999999999
305,314.27,-9.269999999999982
88,97.29,-9.290000000000006
5,9.495,-4.494999999999999
2,7.09,-5.09
61,55.785,5.215000000000003
842,782.91,59.09000000000003
1,8.655,-7.654999999999999
190,204.5,-14.5
21,24.715,-3.715
410,405.745,4.2549999999999955
220,228.25,-8.25
130,146.41,-16.409999999999997
135,136.665,-1.664999999999992
3,9.365,-6.365
149,140.505,8.495000000000005
87,94.425,-7.424999999999997
232,222.61,9.389999999999986
164,176.03,-12.030000000000001
29,52.735,-23.735
211,219.75,-8.75
229,228.705,0.2949999999999875
308,322.61,-14.610000000000014
420,414.18,5.819999999999993
21,18.355,2.6449999999999996
88,102.29,-14.290000000000006
30,27.35,2.6499999999999986
10,11.64,-1.6400000000000006
91,89.885,1.1149999999999949
373,357.115,15.884999999999991
188,175.405,12.594999999999999
7,9.375,-2.375
382,368.54,13.45999999999998
149,159.025,-10.025000000000006
489,441.86,47.139999999999986
2,14.255,-12.255
226,216.675,9.324999999999989
8,13.105,-5.105
147,151.105,-4.10499999999999
614,605.66,8.340000000000032
157,143.065,13.935000000000002
50,47.11,2.8900000000000006
358,368.36,-10.360000000000014
239,239.99,-0.9900000000000091
98,89.72,8.280000000000001
231,243.095,-12.094999999999999
87,99.675,-12.674999999999997
601,550.545,50.45500000000004
196,199.59,-3.5900000000000034
5,8.365,-3.365
3,10.165,-7.164999999999999
32,43.36,-11.36
117,117.98,-0.980000000000004
192,195.315,-3.3149999999999977
32,32.34,-0.3400000000000034
310,280.855,29.144999999999982
543,524.24,18.75999999999999
12,17.255,-5.254999999999999
221,216.565,4.435000000000002
206,221.515,-15.514999999999986
524,532.85,-8.850000000000023
44,35.805,8.195
167,143.2,23.80000000000001
284,286.59,-2.589999999999975
108,124.445,-16.444999999999993
89,93.635,-4.635000000000005
6,18.865,-12.864999999999998
26,22.545,3.4549999999999983
151,146.845,4.155000000000001
563,529.99,33.00999999999999
498,491.955,6.045000000000016
212,232.99,-20.99000000000001
432,461.79,-29.79000000000002
150,159.45,-9.449999999999989
505,483.465,21.535000000000025
89,107.27,-18.269999999999996
36,46.62,-10.619999999999997
34,27.345,6.655000000000001
239,237.22,1.7800000000000011
12,13.26,-1.2599999999999998
623,570.075,52.924999999999955
6,10.405,-4.404999999999999
127,123.975,3.0250000000000057
134,134.955,-0.9550000000000125
94,111.615,-17.614999999999995
73,65.08,7.920000000000002
71,67.55,3.450000000000003
376,348.36,27.639999999999986
242,233.84,8.159999999999997
562,581.81,-19.809999999999945
312,301.5,10.5
255,268.365,-13.365000000000009
136,156.63,-20.629999999999995
16,13.79,2.210000000000001
160,181.915,-21.914999999999992
133,126.92,6.079999999999998
102,80.555,21.444999999999993
214,217.805,-3.805000000000007
301,302.495,-1.4950000000000045
201,221.735,-20.735000000000014
652,634.75,17.25
4,9.56,-5.5600000000000005
18,24.81,-6.809999999999999
272,277.2,-5.199999999999989
220,229.855,-9.85499999999999
328,345.985,-17.985000000000014
200,211.925,-11.925000000000011
180,176.275,3.7249999999999943
239,234.9,4.099999999999994
614,584.39,29.610000000000014
320,295.93,24.069999999999993
318,317.53,0.4700000000000273
581,592.47,-11.470000000000027
474,474.485,-0.48500000000001364
219,231.605,-12.60499999999999
402,450.285,-48.285000000000025
126,124.42,1.5799999999999983
156,152.12,3.8799999999999955
9,18.075,-9.075
118,121.505,-3.5049999999999955
136,131.52,4.47999999999999
791,784.22,6.779999999999973
143,154.715,-11.715000000000003
578,540.08,37.91999999999996
14,14.365,-0.3650000000000002
10,16.04,-6.039999999999999
58,62.72,-4.719999999999999
42,41.0,1.0
244,233.675,10.324999999999989
326,334.865,-8.865000000000009
296,310.29,-14.29000000000002
313,322.975,-9.975000000000023
162,170.82,-8.819999999999993
73,64.62,8.379999999999995
73,73.66,-0.6599999999999966
6,8.025,-2.0250000000000004
100,99.83,0.1700000000000017
11,12.085,-1.0850000000000009
368,390.215,-22.214999999999975
85,80.245,4.7549999999999955
39,30.415,8.585
153,164.895,-11.89500000000001
127,177.255,-50.254999999999995
430,423.42,6.579999999999984
596,608.155,-12.154999999999973
74,73.105,0.894999999999996
40,43.7,-3.700000000000003
104,102.53,1.4699999999999989
240,224.885,15.115000000000009
110,129.955,-19.955000000000013
29,34.195,-5.195
476,438.495,37.504999999999995
36,44.08,-8.079999999999998
307,285.435,21.564999999999998
288,255.01,32.99000000000001
392,390.725,1.2749999999999773
35,34.75,0.25
358,351.1,6.899999999999977
235,219.16,15.840000000000003
48,50.035,-2.0349999999999966
270,269.895,0.10500000000001819
612,622.725,-10.725000000000023
268,288.02,-20.019999999999982
356,295.73,60.26999999999998
114,106.12,7.8799999999999955
65,70.535,-5.534999999999997
500,465.04,34.95999999999998
3,5.655,-2.6550000000000002
228,196.745,31.254999999999995
5,9.8,-4.800000000000001
139,116.795,22.205
9,9.235,-0.23499999999999943
93,87.59,5.409999999999997
80,77.36,2.6400000000000006
156,142.52,13.47999999999999
60,80.435,-20.435000000000002
79,82.055,-3.055000000000007
98,166.405,-68.405
94,90.145,3.855000000000004
87,104.675,-17.674999999999997
311,297.6,13.399999999999977
65,64.58,0.4200000000000017
305,310.975,-5.975000000000023
342,325.84,16.160000000000025
538,506.05,31.94999999999999
281,254.875,26.125
5,13.265,-8.265
136,117.035,18.965000000000003
206,204.065,1.9350000000000023
130,111.215,18.784999999999997
129,133.68,-4.680000000000007
7,15.94,-8.94
95,103.595,-8.594999999999999
288,276.41,11.589999999999975
891,776.0,115.0
6,8.73,-2.7300000000000004
274,276.485,-2.4850000000000136
372,326.865,45.13499999999999
182,179.16,2.8400000000000034
229,252.86,-23.860000000000014
452,484.825,-32.82499999999999
13,19.33,-6.329999999999998
355,376.97,-21.970000000000027
5,16.81,-11.809999999999999
614,601.21,12.789999999999964
250,241.21,8.789999999999992
254,258.195,-4.194999999999993
594,502.39,91.61000000000001
89,85.065,3.9350000000000023
123,126.04,-3.0400000000000063
68,75.55,-7.549999999999997
16,14.965,1.0350000000000001
207,202.655,4.344999999999999
353,342.15,10.850000000000023
116,119.975,-3.9749999999999943
263,255.985,7.014999999999986
16,17.35,-1.3500000000000014
7,7.3,-0.2999999999999998
6,7.09,-1.0899999999999999
210,219.88,-9.879999999999995
74,62.05,11.950000000000003
128,160.385,-32.38499999999999
655,581.685,73.31500000000005
208,187.28,20.72
391,363.085,27.91500000000002
16,27.195,-11.195
141,146.035,-5.034999999999997
35,32.045,2.9549999999999983
236,236.85,-0.8499999999999943
213,199.875,13.125
17,15.505,1.4949999999999992
334,309.695,24.305000000000007
29,33.36,-4.359999999999999
4,15.115,-11.115
35,33.285,1.7150000000000034
199,233.75,-34.75
578,553.57,24.42999999999995
452,427.835,24.16500000000002
56,52.97,3.030000000000001
434,439.845,-5.845000000000027
79,81.175,-2.174999999999997
784,681.04,102.96000000000004
68,93.96,-25.959999999999994
4,10.5,-6.5
124,124.035,-0.03499999999999659
6,13.31,-7.3100000000000005
20,39.9,-19.9
432,424.45,7.550000000000011
148,148.22,-0.21999999999999886
1,4.24,-3.24
160,182.81,-22.810000000000002
531,562.815,-31.815000000000055
72,62.825,9.174999999999997
198,204.635,-6.634999999999991
115,140.455,-25.455000000000013
7,11.585,-4.585000000000001
214,229.13,-15.129999999999995
19,22.73,-3.7300000000000004
18,25.46,-7.460000000000001
584,489.865,94.13499999999999
86,99.225,-13.224999999999994
207,165.41,41.59
40,52.63,-12.630000000000003
92,100.57,-8.569999999999993
135,149.265,-14.264999999999986
10,11.52,-1.5199999999999996
13,12.085,0.9149999999999991
101,96.585,4.415000000000006
5,8.735,-3.7349999999999994
97,113.62,-16.620000000000005
28,22.855,5.145
539,541.885,-2.884999999999991
14,24.41,-10.41
315,314.225,0.7749999999999773
567,502.94,64.06
11,24.74,-13.739999999999998
23,60.295,-37.295
1,3.645,-2.645
500,440.395,59.60500000000002
73,106.36,-33.36
335,315.97,19.029999999999973
125,128.645,-3.6450000000000102
810,753.945,56.05499999999995
66,62.955,3.0450000000000017
8,15.385,-7.385
299,294.945,4.055000000000007
64,49.625,14.375
53,56.13,-3.1300000000000026
141,147.33,-6.3300000000000125
102,104.87,-2.8700000000000045
356,376.425,-20.42500000000001
82,88.94,-6.939999999999998
307,302.06,4.939999999999998
26,29.365,-3.3649999999999984
380,377.36,2.6399999999999864
165,161.55,3.4499999999999886
72,77.185,-5.185000000000002
112,135.31,-23.310000000000002
108,116.025,-8.025000000000006
190,210.88,-20.879999999999995
801,778.255,22.745000000000005
57,61.515,-4.515000000000001
103,113.915,-10.915000000000006
332,334.98,-2.980000000000018
289,278.025,10.975000000000023
152,152.9,-0.9000000000000057
172,171.95,0.05000000000001137
9,13.61,-4.609999999999999
106,120.16,-14.159999999999997
57,75.525,-18.525000000000006
195,170.9,24.099999999999994
146,157.78,-11.780000000000001
254,253.94,0.060000000000002274
143,155.06,-12.060000000000002
9,13.825,-4.824999999999999
286,326.8,-40.80000000000001
523,464.025,58.97500000000002
19,21.565,-2.5650000000000013
887,762.34,124.65999999999997
3,11.19,-8.19
436,410.185,25.814999999999998
35,29.585,5.414999999999999
138,148.4,-10.400000000000006
72,90.655,-18.655
44,59.205,-15.204999999999998
25,30.67,-5.670000000000002
94,107.82,-13.819999999999993
88,87.79,0.20999999999999375
118,147.135,-29.13499999999999
104,100.36,3.6400000000000006
162,165.495,-3.4950000000000045
52,88.95,-36.95
497,483.56,13.439999999999998
171,193.145,-22.14500000000001
884,822.74,61.25999999999999
113,135.56,-22.560000000000002
513,393.6,119.39999999999998
161,141.17,19.830000000000013
39,53.29,-14.29
471,453.065,17.935000000000002
72,65.695,6.305000000000007
182,190.075,-8.074999999999989
81,73.57,7.430000000000007
158,146.89,11.110000000000014
158,159.09,-1.0900000000000034
370,370.63,-0.6299999999999955
360,355.38,4.6200000000000045
577,564.435,12.565000000000055
152,153.895,-1.8950000000000102
180,184.195,-4.194999999999993
341,377.555,-36.55500000000001
50,57.92,-7.920000000000002
182,183.14,-1.1399999999999864
9,12.485,-3.4849999999999994
85,77.84,7.159999999999997
331,357.42,-26.420000000000016
202,196.445,5.555000000000007
219,238.835,-19.835000000000008
81,81.945,-0.9449999999999932
585,556.23,28.769999999999982
160,173.625,-13.625
326,306.84,19.160000000000025
2,7.515,-5.515
64,75.12,-11.120000000000005
30,26.875,3.125
40,67.915,-27.915000000000006
256,250.915,5.085000000000008
28,34.4,-6.399999999999999
9,11.74,-2.74
275,282.73,-7.730000000000018
167,173.335,-6.335000000000008
479,506.935,-27.935000000000002
7,7.535,-0.5350000000000001
5,5.475,-0.47499999999999964
34,33.395,0.6049999999999969
20,20.435,-0.4349999999999987
8,10.195,-2.1950000000000003
80,81.7,-1.7000000000000028
174,175.68,-1.6800000000000068
276,266.69,9.310000000000002
3,4.46,-1.46
26,24.215,1.7850000000000001
582,603.625,-21.625
314,332.535,-18.535000000000025
268,250.21,17.789999999999992
64,65.215,-1.2150000000000034
53,60.885,-7.884999999999998
237,241.655,-4.655000000000001
4,10.47,-6.470000000000001
80,87.12,-7.1200000000000045
128,137.175,-9.175000000000011
594,540.74,53.25999999999999
692,532.16,159.84000000000003
194,195.74,-1.740000000000009
165,167.37,-2.3700000000000045
766,786.925,-20.924999999999955
2,12.525,-10.525
302,265.14,36.860000000000014
127,127.735,-0.7349999999999994
114,95.935,18.064999999999998
41,37.29,3.710000000000001
66,61.775,4.225000000000001
119,127.93,-8.930000000000007
245,243.115,1.884999999999991
228,267.095,-39.09500000000003
114,139.445,-25.444999999999993
6,11.7,-5.699999999999999
346,289.315,56.685
93,107.21,-14.209999999999994
145,150.575,-5.574999999999989
210,198.205,11.794999999999987
130,147.67,-17.669999999999987
37,53.25,-16.25
173,161.0,12.0
743,660.125,82.875
98,99.5225,-1.5224999999999937
49,62.435,-13.435000000000002
6,10.135,-4.135
241,267.15,-26.149999999999977
169,169.97,-0.9699999999999989
272,292.535,-20.535000000000025
33,46.385,-13.384999999999998
270,281.24,-11.240000000000009
82,115.1,-33.099999999999994
280,283.425,-3.4250000000000114
239,247.775,-8.775000000000006
131,121.185,9.814999999999998
98,92.255,5.7450000000000045
219,220.4,-1.4000000000000057
133,138.13,-5.1299999999999955
34,34.955,-0.9549999999999983
7,11.09,-4.09
121,108.875,12.125
111,131.47,-20.47
8,20.43,-12.43
14,16.57,-2.5700000000000003
44,68.675,-24.674999999999997
17,34.1,-17.1
85,113.775,-28.775000000000006
362,340.92,21.079999999999984
27,34.515,-7.515000000000001
11,32.42,-21.42
320,360.655,-40.65499999999997
380,347.645,32.35500000000002
4,9.995,-5.994999999999999
243,236.965,6.034999999999997
146,154.29,-8.289999999999992
108,120.28,-12.280000000000001
558,536.75,21.25
11,19.8,-8.8
308,309.64,-1.6399999999999864
94,92.265,1.7349999999999994
32,35.69,-3.6899999999999977
93,87.57,5.430000000000007
282,284.945,-2.944999999999993
53,58.495,-5.494999999999997
258,285.65,-27.649999999999977
43,42.37,0.6300000000000026
50,68.76,-18.760000000000005
53,55.135,-2.134999999999998
59,55.705,3.2950000000000017
794,762.43,31.57000000000005
14,18.045,-4.045000000000002
2,9.34,-7.34
193,191.425,1.5749999999999886
88,99.895,-11.894999999999996
135,147.61,-12.610000000000014
128,125.175,2.825000000000003
536,503.915,32.08499999999998
673,610.4,62.60000000000002
464,430.9,33.10000000000002
460,490.92,-30.920000000000016
172,174.36,-2.3600000000000136
52,58.47,-6.469999999999999
97,99.63,-2.6299999999999955
35,30.575,4.425000000000001
97,92.69,4.310000000000002
339,351.465,-12.464999999999975
260,246.275,13.724999999999994
176,178.145,-2.1450000000000102
93,94.695,-1.6949999999999932
2,5.635,-3.635
231,232.21,-1.210000000000008
92,101.895,-9.894999999999996
501,473.46,27.54000000000002
26,37.6,-11.600000000000001
11,13.77,-2.7699999999999996
174,172.37,1.6299999999999955
2,4.785,-2.785
110,120.565,-10.564999999999998
236,231.335,4.664999999999992
63,90.8,-27.799999999999997
196,199.235,-3.2350000000000136
274,281.305,-7.305000000000007
56,57.05,-1.0499999999999972
178,183.78,-5.780000000000001
416,439.735,-23.735000000000014
219,217.68,1.3199999999999932
65,72.23,-7.230000000000004
19,43.98,-24.979999999999997
184,189.53,-5.530000000000001
186,175.175,10.824999999999989
148,128.635,19.36500000000001
246,232.945,13.055000000000007
44,56.795,-12.795000000000002
178,185.8,-7.800000000000011
250,247.52,2.4799999999999898
114,123.695,-9.694999999999993
11,16.345,-5.344999999999999
138,144.155,-6.155000000000001
55,74.23,-19.230000000000004
315,282.12,32.879999999999995
185,170.735,14.264999999999986
2,11.975,-9.975
284,321.785,-37.785000000000025
191,188.485,2.5149999999999864
6,8.28,-2.2799999999999994
308,331.04,-23.04000000000002
138,143.355,-5.35499999999999
343,333.48,9.519999999999982
260,287.45,-27.44999999999999
309,337.74,-28.74000000000001
332,361.835,-29.83499999999998
559,567.63,-8.629999999999995
108,93.465,14.534999999999997
2,3.805,-1.8050000000000002
45,51.335,-6.335000000000001
133,128.03,4.969999999999999
14,16.235,-2.2349999999999994
43,35.5,7.5
8,30.9,-22.9
533,481.35,51.64999999999998
95,112.68,-17.680000000000007
40,33.185,6.814999999999998
182,173.525,8.474999999999994
11,10.54,0.46000000000000085
358,338.99,19.00999999999999
8,11.0,-3.0
8,9.82,-1.8200000000000003
2,6.395,-4.395
142,145.765,-3.7649999999999864
82,116.525,-34.525000000000006
41,45.82,-4.82
351,354.47,-3.4700000000000273
63,60.46,2.539999999999999
69,59.9,9.100000000000001
181,165.645,15.35499999999999
192,214.35,-22.349999999999994
57,60.635,-3.634999999999998
53,68.985,-15.985
294,286.34,7.660000000000025
3,5.14,-2.1399999999999997
13,13.69,-0.6899999999999995
164,166.43,-2.430000000000007
93,105.145,-12.144999999999996
76,89.555,-13.555000000000007
384,368.95,15.050000000000011
6,8.895,-2.8949999999999996
214,210.985,3.0149999999999864
208,201.385,6.615000000000009
117,106.56,10.439999999999998
94,84.775,9.224999999999994
2,6.155,-4.155
77,96.035,-19.034999999999997
174,148.865,25.13499999999999
363,348.625,14.375
105,98.56,6.439999999999998
312,328.725,-16.725000000000023
483,492.525,-9.524999999999977
87,102.26,-15.260000000000005
479,455.48,23.519999999999982
171,181.995,-10.995000000000005
51,49.595,1.4050000000000011
86,73.675,12.325000000000003
118,120.575,-2.575000000000003
29,29.55,-0.5500000000000007
243,272.35,-29.350000000000023
102,119.77,-17.769999999999996
62,82.905,-20.905
11,11.97,-0.9700000000000006
5,6.205,-1.205
1,5.115,-4.115
50,44.44,5.560000000000002
168,152.71,15.289999999999992
264,262.49,1.509999999999991
189,204.165,-15.164999999999992
394,385.835,8.16500000000002
407,413.7,-6.699999999999989
8,12.46,-4.460000000000001
30,31.765,-1.7650000000000006
64,82.675,-18.674999999999997
195,181.38,13.620000000000005
73,67.675,5.325000000000003
3,26.63,-23.63
90,84.285,5.715000000000003
88,104.275,-16.275000000000006
205,224.865,-19.86500000000001
240,238.5,1.5
148,159.475,-11.474999999999994
213,226.28,-13.280000000000001
6,11.025,-5.025
24,38.47,-14.469999999999999
297,299.14,-2.1399999999999864
25,43.975,-18.975
162,156.08,5.9199999999999875
155,150.89,4.110000000000014
557,593.76,-36.75999999999999
4,3.9,0.10000000000000009
551,534.75,16.25
124,102.42,21.58
94,111.225,-17.224999999999994
258,265.175,-7.175000000000011
129,114.39,14.61
21,15.905,5.095000000000001
751,650.965,100.03499999999997
573,517.735,55.264999999999986
29,31.71,-2.710000000000001
264,266.545,-2.545000000000016
175,181.57,-6.569999999999993
111,115.265,-4.265000000000001
104,94.35,9.650000000000006
59,65.455,-6.454999999999998
116,156.425,-40.42500000000001
208,213.715,-5.715000000000003
176,183.465,-7.465000000000003
200,189.39,10.610000000000014
337,325.265,11.735000000000014
202,220.36,-18.360000000000014
172,178.565,-6.564999999999998
406,366.01,39.99000000000001
2,11.56,-9.56
174,181.68,-7.680000000000007
178,185.81,-7.810000000000002
7,12.36,-5.359999999999999
13,15.855,-2.8550000000000004
53,77.755,-24.754999999999995
130,152.605,-22.60499999999999
40,44.34,-4.340000000000003
17,17.425,-0.4250000000000007
85,92.735,-7.734999999999999
98,85.4,12.599999999999994
266,259.46,6.5400000000000205
267,257.57,9.430000000000007
